店名,災害支援,フリーWi-Fi,店舗名
セブンイレブン 長野FES市役所店,・被災地への物資の提供
・災害用電話機の設置
・燃料備蓄基地
・トイレや充電器の提供
・セブンVIEW(被災地の店舗・物流拠点の状態をクラウドマップ上に表示し、関係部門が状況を把握できるシステム)

セブンイレブン公式サイト
https://www.sej.co.jp/,d Wi-Fi

対象者
dポイントクラブ会員
SSID
「0001docomo」または「0000docomo」
URL
『d Wi-Fi』公式サイトURL：https://www.nttdocomo.co.jp/service/d_wifi//,セブンイレブン
セブンイレブン 長野南千歳店,・被災地への物資の提供
・災害用電話機の設置
・燃料備蓄基地
・トイレや充電器の提供
・セブンVIEW(被災地の店舗・物流拠点の状態をクラウドマップ上に表示し、関係部門が状況を把握できるシステム)

セブンイレブン公式サイト
https://www.sej.co.jp/,,セブンイレブン
セブンイレブン 七瀬西店,・被災地への物資の提供
・災害用電話機の設置
・燃料備蓄基地
・トイレや充電器の提供
・セブンVIEW(被災地の店舗・物流拠点の状態をクラウドマップ上に表示し、関係部門が状況を把握できるシステム)

セブンイレブン公式サイト
https://www.sej.co.jp/,d Wi-Fi

対象者
dポイントクラブ会員
SSID
「0001docomo」または「0000docomo」
URL
『d Wi-Fi』公式サイトURL：https://www.nttdocomo.co.jp/service/d_wifi//,セブンイレブン
セブンイレブン 長野権堂店,・被災地への物資の提供
・災害用電話機の設置
・燃料備蓄基地
・トイレや充電器の提供
・セブンVIEW(被災地の店舗・物流拠点の状態をクラウドマップ上に表示し、関係部門が状況を把握できるシステム)

セブンイレブン公式サイト
https://www.sej.co.jp/,d Wi-Fi

対象者
dポイントクラブ会員
SSID
「0001docomo」または「0000docomo」
URL
『d Wi-Fi』公式サイトURL：https://www.nttdocomo.co.jp/service/d_wifi//,セブンイレブン
セブンイレブン 長野とんとん通り店,・被災地への物資の提供
・災害用電話機の設置
・燃料備蓄基地
・トイレや充電器の提供
・セブンVIEW(被災地の店舗・物流拠点の状態をクラウドマップ上に表示し、関係部門が状況を把握できるシステム)

セブンイレブン公式サイト
https://www.sej.co.jp/,d Wi-Fi

対象者
dポイントクラブ会員
SSID
「0001docomo」または「0000docomo」
URL
『d Wi-Fi』公式サイトURL：https://www.nttdocomo.co.jp/service/d_wifi//,セブンイレブン
セブンイレブン 長野千歳町通り店,・被災地への物資の提供
・災害用電話機の設置
・燃料備蓄基地
・トイレや充電器の提供
・セブンVIEW(被災地の店舗・物流拠点の状態をクラウドマップ上に表示し、関係部門が状況を把握できるシステム)

セブンイレブン公式サイト
https://www.sej.co.jp/,,セブンイレブン
セブンイレブン 鶴賀店,・被災地への物資の提供
・災害用電話機の設置
・燃料備蓄基地
・トイレや充電器の提供
・セブンVIEW(被災地の店舗・物流拠点の状態をクラウドマップ上に表示し、関係部門が状況を把握できるシステム)

セブンイレブン公式サイト
https://www.sej.co.jp/,d Wi-Fi

対象者
dポイントクラブ会員
SSID
「0001docomo」または「0000docomo」
URL
『d Wi-Fi』公式サイトURL：https://www.nttdocomo.co.jp/service/d_wifi//,セブンイレブン
セブンイレブン 長野二線路通り店,・被災地への物資の提供
・災害用電話機の設置
・燃料備蓄基地
・トイレや充電器の提供
・セブンVIEW(被災地の店舗・物流拠点の状態をクラウドマップ上に表示し、関係部門が状況を把握できるシステム)

セブンイレブン公式サイト
https://www.sej.co.jp/,d Wi-Fi

対象者
dポイントクラブ会員
SSID
「0001docomo」または「0000docomo」
URL
『d Wi-Fi』公式サイトURL：https://www.nttdocomo.co.jp/service/d_wifi//,セブンイレブン
セブンイレブン 長野柳町店,・被災地への物資の提供
・災害用電話機の設置
・燃料備蓄基地
・トイレや充電器の提供
・セブンVIEW(被災地の店舗・物流拠点の状態をクラウドマップ上に表示し、関係部門が状況を把握できるシステム)

セブンイレブン公式サイト
https://www.sej.co.jp/,d Wi-Fi

対象者
dポイントクラブ会員
SSID
「0001docomo」または「0000docomo」
URL
『d Wi-Fi』公式サイトURL：https://www.nttdocomo.co.jp/service/d_wifi//,セブンイレブン
セブンイレブン 長野大通り店,・被災地への物資の提供
・災害用電話機の設置
・燃料備蓄基地
・トイレや充電器の提供
・セブンVIEW(被災地の店舗・物流拠点の状態をクラウドマップ上に表示し、関係部門が状況を把握できるシステム)

セブンイレブン公式サイト
https://www.sej.co.jp/,,セブンイレブン
セブンイレブン 長野駅東口店,・被災地への物資の提供
・災害用電話機の設置
・燃料備蓄基地
・トイレや充電器の提供
・セブンVIEW(被災地の店舗・物流拠点の状態をクラウドマップ上に表示し、関係部門が状況を把握できるシステム)

セブンイレブン公式サイト
https://www.sej.co.jp/,,セブンイレブン
セブンイレブン 長野中央通り店,・被災地への物資の提供
・災害用電話機の設置
・燃料備蓄基地
・トイレや充電器の提供
・セブンVIEW(被災地の店舗・物流拠点の状態をクラウドマップ上に表示し、関係部門が状況を把握できるシステム)

セブンイレブン公式サイト
https://www.sej.co.jp/,d Wi-Fi

対象者
dポイントクラブ会員
SSID
「0001docomo」または「0000docomo」
URL
『d Wi-Fi』公式サイトURL：https://www.nttdocomo.co.jp/service/d_wifi//,セブンイレブン
セブンイレブン 長野山王店,・被災地への物資の提供
・災害用電話機の設置
・燃料備蓄基地
・トイレや充電器の提供
・セブンVIEW(被災地の店舗・物流拠点の状態をクラウドマップ上に表示し、関係部門が状況を把握できるシステム)

セブンイレブン公式サイト
https://www.sej.co.jp/,d Wi-Fi

対象者
dポイントクラブ会員
SSID
「0001docomo」または「0000docomo」
URL
『d Wi-Fi』公式サイトURL：https://www.nttdocomo.co.jp/service/d_wifi//,セブンイレブン
セブンイレブン 長野南石堂町店,・被災地への物資の提供
・災害用電話機の設置
・燃料備蓄基地
・トイレや充電器の提供
・セブンVIEW(被災地の店舗・物流拠点の状態をクラウドマップ上に表示し、関係部門が状況を把握できるシステム)

セブンイレブン公式サイト
https://www.sej.co.jp/,d Wi-Fi

対象者
dポイントクラブ会員
SSID
「0001docomo」または「0000docomo」
URL
『d Wi-Fi』公式サイトURL：https://www.nttdocomo.co.jp/service/d_wifi//,セブンイレブン
セブンイレブン 七瀬店,・被災地への物資の提供
・災害用電話機の設置
・燃料備蓄基地
・トイレや充電器の提供
・セブンVIEW(被災地の店舗・物流拠点の状態をクラウドマップ上に表示し、関係部門が状況を把握できるシステム)

セブンイレブン公式サイト
https://www.sej.co.jp/,d Wi-Fi

対象者
dポイントクラブ会員
SSID
「0001docomo」または「0000docomo」
URL
『d Wi-Fi』公式サイトURL：https://www.nttdocomo.co.jp/service/d_wifi//,セブンイレブン
セブンイレブン 善光寺下店,・被災地への物資の提供
・災害用電話機の設置
・燃料備蓄基地
・トイレや充電器の提供
・セブンVIEW(被災地の店舗・物流拠点の状態をクラウドマップ上に表示し、関係部門が状況を把握できるシステム)

セブンイレブン公式サイト
https://www.sej.co.jp/,d Wi-Fi

対象者
dポイントクラブ会員
SSID
「0001docomo」または「0000docomo」
URL
『d Wi-Fi』公式サイトURL：https://www.nttdocomo.co.jp/service/d_wifi//,セブンイレブン
セブンイレブン 長野栗田店,・被災地への物資の提供
・災害用電話機の設置
・燃料備蓄基地
・トイレや充電器の提供
・セブンVIEW(被災地の店舗・物流拠点の状態をクラウドマップ上に表示し、関係部門が状況を把握できるシステム)

セブンイレブン公式サイト
https://www.sej.co.jp/,d Wi-Fi

対象者
dポイントクラブ会員
SSID
「0001docomo」または「0000docomo」
URL
『d Wi-Fi』公式サイトURL：https://www.nttdocomo.co.jp/service/d_wifi//,セブンイレブン
セブンイレブン ホクト文化ホール入口店,・被災地への物資の提供
・災害用電話機の設置
・燃料備蓄基地
・トイレや充電器の提供
・セブンVIEW(被災地の店舗・物流拠点の状態をクラウドマップ上に表示し、関係部門が状況を把握できるシステム)

セブンイレブン公式サイト
https://www.sej.co.jp/,d Wi-Fi

対象者
dポイントクラブ会員
SSID
「0001docomo」または「0000docomo」
URL
『d Wi-Fi』公式サイトURL：https://www.nttdocomo.co.jp/service/d_wifi//,セブンイレブン
セブンイレブン 長野中御所店,・被災地への物資の提供
・災害用電話機の設置
・燃料備蓄基地
・トイレや充電器の提供
・セブンVIEW(被災地の店舗・物流拠点の状態をクラウドマップ上に表示し、関係部門が状況を把握できるシステム)

セブンイレブン公式サイト
https://www.sej.co.jp/,d Wi-Fi

対象者
dポイントクラブ会員
SSID
「0001docomo」または「0000docomo」
URL
『d Wi-Fi』公式サイトURL：https://www.nttdocomo.co.jp/service/d_wifi//,セブンイレブン
セブンイレブン 長野中御所3丁目店,・被災地への物資の提供
・災害用電話機の設置
・燃料備蓄基地
・トイレや充電器の提供
・セブンVIEW(被災地の店舗・物流拠点の状態をクラウドマップ上に表示し、関係部門が状況を把握できるシステム)

セブンイレブン公式サイト
https://www.sej.co.jp/,d Wi-Fi

対象者
dポイントクラブ会員
SSID
「0001docomo」または「0000docomo」
URL
『d Wi-Fi』公式サイトURL：https://www.nttdocomo.co.jp/service/d_wifi//,セブンイレブン
セブンイレブン 長野花咲店,・被災地への物資の提供
・災害用電話機の設置
・燃料備蓄基地
・トイレや充電器の提供
・セブンVIEW(被災地の店舗・物流拠点の状態をクラウドマップ上に表示し、関係部門が状況を把握できるシステム)

セブンイレブン公式サイト
https://www.sej.co.jp/,d Wi-Fi

対象者
dポイントクラブ会員
SSID
「0001docomo」または「0000docomo」
URL
『d Wi-Fi』公式サイトURL：https://www.nttdocomo.co.jp/service/d_wifi//,セブンイレブン
セブンイレブン 長野三輪2丁目店,・被災地への物資の提供
・災害用電話機の設置
・燃料備蓄基地
・トイレや充電器の提供
・セブンVIEW(被災地の店舗・物流拠点の状態をクラウドマップ上に表示し、関係部門が状況を把握できるシステム)

セブンイレブン公式サイト
https://www.sej.co.jp/,d Wi-Fi

対象者
dポイントクラブ会員
SSID
「0001docomo」または「0000docomo」
URL
『d Wi-Fi』公式サイトURL：https://www.nttdocomo.co.jp/service/d_wifi//,セブンイレブン
セブンイレブン 長野平林店,・被災地への物資の提供
・災害用電話機の設置
・燃料備蓄基地
・トイレや充電器の提供
・セブンVIEW(被災地の店舗・物流拠点の状態をクラウドマップ上に表示し、関係部門が状況を把握できるシステム)

セブンイレブン公式サイト
https://www.sej.co.jp/,d Wi-Fi

対象者
dポイントクラブ会員
SSID
「0001docomo」または「0000docomo」
URL
『d Wi-Fi』公式サイトURL：https://www.nttdocomo.co.jp/service/d_wifi//,セブンイレブン
セブンイレブン 長野若里店,・被災地への物資の提供
・災害用電話機の設置
・燃料備蓄基地
・トイレや充電器の提供
・セブンVIEW(被災地の店舗・物流拠点の状態をクラウドマップ上に表示し、関係部門が状況を把握できるシステム)

セブンイレブン公式サイト
https://www.sej.co.jp/,d Wi-Fi

対象者
dポイントクラブ会員
SSID
「0001docomo」または「0000docomo」
URL
『d Wi-Fi』公式サイトURL：https://www.nttdocomo.co.jp/service/d_wifi//,セブンイレブン
セブンイレブン 長野東和田店,・被災地への物資の提供
・災害用電話機の設置
・燃料備蓄基地
・トイレや充電器の提供
・セブンVIEW(被災地の店舗・物流拠点の状態をクラウドマップ上に表示し、関係部門が状況を把握できるシステム)

セブンイレブン公式サイト
https://www.sej.co.jp/,d Wi-Fi

対象者
dポイントクラブ会員
SSID
「0001docomo」または「0000docomo」
URL
『d Wi-Fi』公式サイトURL：https://www.nttdocomo.co.jp/service/d_wifi//,セブンイレブン
セブンイレブン 西長野店,・被災地への物資の提供
・災害用電話機の設置
・燃料備蓄基地
・トイレや充電器の提供
・セブンVIEW(被災地の店舗・物流拠点の状態をクラウドマップ上に表示し、関係部門が状況を把握できるシステム)

セブンイレブン公式サイト
https://www.sej.co.jp/,d Wi-Fi

対象者
dポイントクラブ会員
SSID
「0001docomo」または「0000docomo」
URL
『d Wi-Fi』公式サイトURL：https://www.nttdocomo.co.jp/service/d_wifi//,セブンイレブン
セブンイレブン 長野荒木店,・被災地への物資の提供
・災害用電話機の設置
・燃料備蓄基地
・トイレや充電器の提供
・セブンVIEW(被災地の店舗・物流拠点の状態をクラウドマップ上に表示し、関係部門が状況を把握できるシステム)

セブンイレブン公式サイト
https://www.sej.co.jp/,d Wi-Fi

対象者
dポイントクラブ会員
SSID
「0001docomo」または「0000docomo」
URL
『d Wi-Fi』公式サイトURL：https://www.nttdocomo.co.jp/service/d_wifi//,セブンイレブン
セブンイレブン 長野稲葉店,・被災地への物資の提供
・災害用電話機の設置
・燃料備蓄基地
・トイレや充電器の提供
・セブンVIEW(被災地の店舗・物流拠点の状態をクラウドマップ上に表示し、関係部門が状況を把握できるシステム)

セブンイレブン公式サイト
https://www.sej.co.jp/,d Wi-Fi

対象者
dポイントクラブ会員
SSID
「0001docomo」または「0000docomo」
URL
『d Wi-Fi』公式サイトURL：https://www.nttdocomo.co.jp/service/d_wifi//,セブンイレブン
セブンイレブン 長野桐原店,・被災地への物資の提供
・災害用電話機の設置
・燃料備蓄基地
・トイレや充電器の提供
・セブンVIEW(被災地の店舗・物流拠点の状態をクラウドマップ上に表示し、関係部門が状況を把握できるシステム)

セブンイレブン公式サイト
https://www.sej.co.jp/,d Wi-Fi

対象者
dポイントクラブ会員
SSID
「0001docomo」または「0000docomo」
URL
『d Wi-Fi』公式サイトURL：https://www.nttdocomo.co.jp/service/d_wifi//,セブンイレブン
セブンイレブン 長野母袋店,・被災地への物資の提供
・災害用電話機の設置
・燃料備蓄基地
・トイレや充電器の提供
・セブンVIEW(被災地の店舗・物流拠点の状態をクラウドマップ上に表示し、関係部門が状況を把握できるシステム)

セブンイレブン公式サイト
https://www.sej.co.jp/,d Wi-Fi

対象者
dポイントクラブ会員
SSID
「0001docomo」または「0000docomo」
URL
『d Wi-Fi』公式サイトURL：https://www.nttdocomo.co.jp/service/d_wifi//,セブンイレブン
セブンイレブン 長野東和田店,・被災地への物資の提供
・災害用電話機の設置
・燃料備蓄基地
・トイレや充電器の提供
・セブンVIEW(被災地の店舗・物流拠点の状態をクラウドマップ上に表示し、関係部門が状況を把握できるシステム)

セブンイレブン公式サイト
https://www.sej.co.jp/,d Wi-Fi

対象者
dポイントクラブ会員
SSID
「0001docomo」または「0000docomo」
URL
『d Wi-Fi』公式サイトURL：https://www.nttdocomo.co.jp/service/d_wifi//,セブンイレブン
セブンイレブン 長野鍋屋店,・被災地への物資の提供
・災害用電話機の設置
・燃料備蓄基地
・トイレや充電器の提供
・セブンVIEW(被災地の店舗・物流拠点の状態をクラウドマップ上に表示し、関係部門が状況を把握できるシステム)

セブンイレブン公式サイト
https://www.sej.co.jp/,d Wi-Fi

対象者
dポイントクラブ会員
SSID
「0001docomo」または「0000docomo」
URL
『d Wi-Fi』公式サイトURL：https://www.nttdocomo.co.jp/service/d_wifi//,セブンイレブン
セブンイレブン 長野工業高校前店,・被災地への物資の提供
・災害用電話機の設置
・燃料備蓄基地
・トイレや充電器の提供
・セブンVIEW(被災地の店舗・物流拠点の状態をクラウドマップ上に表示し、関係部門が状況を把握できるシステム)

セブンイレブン公式サイト
https://www.sej.co.jp/,d Wi-Fi

対象者
dポイントクラブ会員
SSID
「0001docomo」または「0000docomo」
URL
『d Wi-Fi』公式サイトURL：https://www.nttdocomo.co.jp/service/d_wifi//,セブンイレブン
セブンイレブン 長野西尾張部店,・被災地への物資の提供
・災害用電話機の設置
・燃料備蓄基地
・トイレや充電器の提供
・セブンVIEW(被災地の店舗・物流拠点の状態をクラウドマップ上に表示し、関係部門が状況を把握できるシステム)

セブンイレブン公式サイト
https://www.sej.co.jp/,d Wi-Fi

対象者
dポイントクラブ会員
SSID
「0001docomo」または「0000docomo」
URL
『d Wi-Fi』公式サイトURL：https://www.nttdocomo.co.jp/service/d_wifi//,セブンイレブン
セブンイレブン 長野吉田2丁目店,・被災地への物資の提供
・災害用電話機の設置
・燃料備蓄基地
・トイレや充電器の提供
・セブンVIEW(被災地の店舗・物流拠点の状態をクラウドマップ上に表示し、関係部門が状況を把握できるシステム)

セブンイレブン公式サイト
https://www.sej.co.jp/,d Wi-Fi

対象者
dポイントクラブ会員
SSID
「0001docomo」または「0000docomo」
URL
『d Wi-Fi』公式サイトURL：https://www.nttdocomo.co.jp/service/d_wifi//,セブンイレブン
セブンイレブン 長野大豆島店,・被災地への物資の提供
・災害用電話機の設置
・燃料備蓄基地
・トイレや充電器の提供
・セブンVIEW(被災地の店舗・物流拠点の状態をクラウドマップ上に表示し、関係部門が状況を把握できるシステム)

セブンイレブン公式サイト
https://www.sej.co.jp/,d Wi-Fi

対象者
dポイントクラブ会員
SSID
「0001docomo」または「0000docomo」
URL
『d Wi-Fi』公式サイトURL：https://www.nttdocomo.co.jp/service/d_wifi//,セブンイレブン
セブンイレブン 長野松岡店,・被災地への物資の提供
・災害用電話機の設置
・燃料備蓄基地
・トイレや充電器の提供
・セブンVIEW(被災地の店舗・物流拠点の状態をクラウドマップ上に表示し、関係部門が状況を把握できるシステム)

セブンイレブン公式サイト
https://www.sej.co.jp/,d Wi-Fi

対象者
dポイントクラブ会員
SSID
「0001docomo」または「0000docomo」
URL
『d Wi-Fi』公式サイトURL：https://www.nttdocomo.co.jp/service/d_wifi//,セブンイレブン
セブンイレブン 長野吉田5丁目店,・被災地への物資の提供
・災害用電話機の設置
・燃料備蓄基地
・トイレや充電器の提供
・セブンVIEW(被災地の店舗・物流拠点の状態をクラウドマップ上に表示し、関係部門が状況を把握できるシステム)

セブンイレブン公式サイト
https://www.sej.co.jp/,d Wi-Fi

対象者
dポイントクラブ会員
SSID
「0001docomo」または「0000docomo」
URL
『d Wi-Fi』公式サイトURL：https://www.nttdocomo.co.jp/service/d_wifi//,セブンイレブン
セブンイレブン 長野浅川店,・被災地への物資の提供
・災害用電話機の設置
・燃料備蓄基地
・トイレや充電器の提供
・セブンVIEW(被災地の店舗・物流拠点の状態をクラウドマップ上に表示し、関係部門が状況を把握できるシステム)

セブンイレブン公式サイト
https://www.sej.co.jp/,d Wi-Fi

対象者
dポイントクラブ会員
SSID
「0001docomo」または「0000docomo」
URL
『d Wi-Fi』公式サイトURL：https://www.nttdocomo.co.jp/service/d_wifi//,セブンイレブン
セブンイレブン 長野青木島団地入口店,・被災地への物資の提供
・災害用電話機の設置
・燃料備蓄基地
・トイレや充電器の提供
・セブンVIEW(被災地の店舗・物流拠点の状態をクラウドマップ上に表示し、関係部門が状況を把握できるシステム)

セブンイレブン公式サイト
https://www.sej.co.jp/,d Wi-Fi

対象者
dポイントクラブ会員
SSID
「0001docomo」または「0000docomo」
URL
『d Wi-Fi』公式サイトURL：https://www.nttdocomo.co.jp/service/d_wifi//,セブンイレブン
セブンイレブン 長野若槻店,・被災地への物資の提供
・災害用電話機の設置
・燃料備蓄基地
・トイレや充電器の提供
・セブンVIEW(被災地の店舗・物流拠点の状態をクラウドマップ上に表示し、関係部門が状況を把握できるシステム)

セブンイレブン公式サイト
https://www.sej.co.jp/,d Wi-Fi

対象者
dポイントクラブ会員
SSID
「0001docomo」または「0000docomo」
URL
『d Wi-Fi』公式サイトURL：https://www.nttdocomo.co.jp/service/d_wifi//,セブンイレブン
セブンイレブン 長野綱島店,・被災地への物資の提供
・災害用電話機の設置
・燃料備蓄基地
・トイレや充電器の提供
・セブンVIEW(被災地の店舗・物流拠点の状態をクラウドマップ上に表示し、関係部門が状況を把握できるシステム)

セブンイレブン公式サイト
https://www.sej.co.jp/,d Wi-Fi

対象者
dポイントクラブ会員
SSID
「0001docomo」または「0000docomo」
URL
『d Wi-Fi』公式サイトURL：https://www.nttdocomo.co.jp/service/d_wifi//,セブンイレブン
セブンイレブン 長野青木島店,・被災地への物資の提供
・災害用電話機の設置
・燃料備蓄基地
・トイレや充電器の提供
・セブンVIEW(被災地の店舗・物流拠点の状態をクラウドマップ上に表示し、関係部門が状況を把握できるシステム)

セブンイレブン公式サイト
https://www.sej.co.jp/,d Wi-Fi

対象者
dポイントクラブ会員
SSID
「0001docomo」または「0000docomo」
URL
『d Wi-Fi』公式サイトURL：https://www.nttdocomo.co.jp/service/d_wifi//,セブンイレブン
セブンイレブン 長野木工団地入口店,・被災地への物資の提供
・災害用電話機の設置
・燃料備蓄基地
・トイレや充電器の提供
・セブンVIEW(被災地の店舗・物流拠点の状態をクラウドマップ上に表示し、関係部門が状況を把握できるシステム)

セブンイレブン公式サイト
https://www.sej.co.jp/,d Wi-Fi

対象者
dポイントクラブ会員
SSID
「0001docomo」または「0000docomo」
URL
『d Wi-Fi』公式サイトURL：https://www.nttdocomo.co.jp/service/d_wifi//,セブンイレブン
セブンイレブン 安茂里駅西店,・被災地への物資の提供
・災害用電話機の設置
・燃料備蓄基地
・トイレや充電器の提供
・セブンVIEW(被災地の店舗・物流拠点の状態をクラウドマップ上に表示し、関係部門が状況を把握できるシステム)

セブンイレブン公式サイト
https://www.sej.co.jp/,d Wi-Fi

対象者
dポイントクラブ会員
SSID
「0001docomo」または「0000docomo」
URL
『d Wi-Fi』公式サイトURL：https://www.nttdocomo.co.jp/service/d_wifi//,セブンイレブン
セブンイレブン 長野石渡店,・被災地への物資の提供
・災害用電話機の設置
・燃料備蓄基地
・トイレや充電器の提供
・セブンVIEW(被災地の店舗・物流拠点の状態をクラウドマップ上に表示し、関係部門が状況を把握できるシステム)

セブンイレブン公式サイト
https://www.sej.co.jp/,d Wi-Fi

対象者
dポイントクラブ会員
SSID
「0001docomo」または「0000docomo」
URL
『d Wi-Fi』公式サイトURL：https://www.nttdocomo.co.jp/service/d_wifi//,セブンイレブン
セブンイレブン 長野大塚店,・被災地への物資の提供
・災害用電話機の設置
・燃料備蓄基地
・トイレや充電器の提供
・セブンVIEW(被災地の店舗・物流拠点の状態をクラウドマップ上に表示し、関係部門が状況を把握できるシステム)

セブンイレブン公式サイト
https://www.sej.co.jp/,d Wi-Fi

対象者
dポイントクラブ会員
SSID
「0001docomo」または「0000docomo」
URL
『d Wi-Fi』公式サイトURL：https://www.nttdocomo.co.jp/service/d_wifi//,セブンイレブン
セブンイレブン 長野徳間店,・被災地への物資の提供
・災害用電話機の設置
・燃料備蓄基地
・トイレや充電器の提供
・セブンVIEW(被災地の店舗・物流拠点の状態をクラウドマップ上に表示し、関係部門が状況を把握できるシステム)

セブンイレブン公式サイト
https://www.sej.co.jp/,d Wi-Fi

対象者
dポイントクラブ会員
SSID
「0001docomo」または「0000docomo」
URL
『d Wi-Fi』公式サイトURL：https://www.nttdocomo.co.jp/service/d_wifi//,セブンイレブン
セブンイレブン 長野大豆島東店,・被災地への物資の提供
・災害用電話機の設置
・燃料備蓄基地
・トイレや充電器の提供
・セブンVIEW(被災地の店舗・物流拠点の状態をクラウドマップ上に表示し、関係部門が状況を把握できるシステム)

セブンイレブン公式サイト
https://www.sej.co.jp/,,セブンイレブン
セブンイレブン 長野南堀店,・被災地への物資の提供
・災害用電話機の設置
・燃料備蓄基地
・トイレや充電器の提供
・セブンVIEW(被災地の店舗・物流拠点の状態をクラウドマップ上に表示し、関係部門が状況を把握できるシステム)

セブンイレブン公式サイト
https://www.sej.co.jp/,d Wi-Fi

対象者
dポイントクラブ会員
SSID
「0001docomo」または「0000docomo」
URL
『d Wi-Fi』公式サイトURL：https://www.nttdocomo.co.jp/service/d_wifi//,セブンイレブン
セブンイレブン 長野三本柳店,・被災地への物資の提供
・災害用電話機の設置
・燃料備蓄基地
・トイレや充電器の提供
・セブンVIEW(被災地の店舗・物流拠点の状態をクラウドマップ上に表示し、関係部門が状況を把握できるシステム)

セブンイレブン公式サイト
https://www.sej.co.jp/,d Wi-Fi

対象者
dポイントクラブ会員
SSID
「0001docomo」または「0000docomo」
URL
『d Wi-Fi』公式サイトURL：https://www.nttdocomo.co.jp/service/d_wifi//,セブンイレブン
セブンイレブン 長野真島店,・被災地への物資の提供
・災害用電話機の設置
・燃料備蓄基地
・トイレや充電器の提供
・セブンVIEW(被災地の店舗・物流拠点の状態をクラウドマップ上に表示し、関係部門が状況を把握できるシステム)

セブンイレブン公式サイト
https://www.sej.co.jp/,d Wi-Fi

対象者
dポイントクラブ会員
SSID
「0001docomo」または「0000docomo」
URL
『d Wi-Fi』公式サイトURL：https://www.nttdocomo.co.jp/service/d_wifi//,セブンイレブン
セブンイレブン 長野屋島店,・被災地への物資の提供
・災害用電話機の設置
・燃料備蓄基地
・トイレや充電器の提供
・セブンVIEW(被災地の店舗・物流拠点の状態をクラウドマップ上に表示し、関係部門が状況を把握できるシステム)

セブンイレブン公式サイト
https://www.sej.co.jp/,d Wi-Fi

対象者
dポイントクラブ会員
SSID
「0001docomo」または「0000docomo」
URL
『d Wi-Fi』公式サイトURL：https://www.nttdocomo.co.jp/service/d_wifi//,セブンイレブン
セブンイレブン 長野稲里店,・被災地への物資の提供
・災害用電話機の設置
・燃料備蓄基地
・トイレや充電器の提供
・セブンVIEW(被災地の店舗・物流拠点の状態をクラウドマップ上に表示し、関係部門が状況を把握できるシステム)

セブンイレブン公式サイト
https://www.sej.co.jp/,d Wi-Fi

対象者
dポイントクラブ会員
SSID
「0001docomo」または「0000docomo」
URL
『d Wi-Fi』公式サイトURL：https://www.nttdocomo.co.jp/service/d_wifi//,セブンイレブン
セブンイレブン 長野不動寺店,・被災地への物資の提供
・災害用電話機の設置
・燃料備蓄基地
・トイレや充電器の提供
・セブンVIEW(被災地の店舗・物流拠点の状態をクラウドマップ上に表示し、関係部門が状況を把握できるシステム)

セブンイレブン公式サイト
https://www.sej.co.jp/,d Wi-Fi

対象者
dポイントクラブ会員
SSID
「0001docomo」または「0000docomo」
URL
『d Wi-Fi』公式サイトURL：https://www.nttdocomo.co.jp/service/d_wifi//,セブンイレブン
セブンイレブン 長野古里店,・被災地への物資の提供
・災害用電話機の設置
・燃料備蓄基地
・トイレや充電器の提供
・セブンVIEW(被災地の店舗・物流拠点の状態をクラウドマップ上に表示し、関係部門が状況を把握できるシステム)

セブンイレブン公式サイト
https://www.sej.co.jp/,d Wi-Fi

対象者
dポイントクラブ会員
SSID
「0001docomo」または「0000docomo」
URL
『d Wi-Fi』公式サイトURL：https://www.nttdocomo.co.jp/service/d_wifi//,セブンイレブン
セブンイレブン 長野小島田店,・被災地への物資の提供
・災害用電話機の設置
・燃料備蓄基地
・トイレや充電器の提供
・セブンVIEW(被災地の店舗・物流拠点の状態をクラウドマップ上に表示し、関係部門が状況を把握できるシステム)

セブンイレブン公式サイト
https://www.sej.co.jp/,d Wi-Fi

対象者
dポイントクラブ会員
SSID
「0001docomo」または「0000docomo」
URL
『d Wi-Fi』公式サイトURL：https://www.nttdocomo.co.jp/service/d_wifi//,セブンイレブン
セブンイレブン 川中島中学校前店,・被災地への物資の提供
・災害用電話機の設置
・燃料備蓄基地
・トイレや充電器の提供
・セブンVIEW(被災地の店舗・物流拠点の状態をクラウドマップ上に表示し、関係部門が状況を把握できるシステム)

セブンイレブン公式サイト
https://www.sej.co.jp/,d Wi-Fi

対象者
dポイントクラブ会員
SSID
「0001docomo」または「0000docomo」
URL
『d Wi-Fi』公式サイトURL：https://www.nttdocomo.co.jp/service/d_wifi//,セブンイレブン
セブンイレブン 長野若穂綿内店,・被災地への物資の提供
・災害用電話機の設置
・燃料備蓄基地
・トイレや充電器の提供
・セブンVIEW(被災地の店舗・物流拠点の状態をクラウドマップ上に表示し、関係部門が状況を把握できるシステム)

セブンイレブン公式サイト
https://www.sej.co.jp/,d Wi-Fi

対象者
dポイントクラブ会員
SSID
「0001docomo」または「0000docomo」
URL
『d Wi-Fi』公式サイトURL：https://www.nttdocomo.co.jp/service/d_wifi//,セブンイレブン
セブンイレブン 長野若穂西店,・被災地への物資の提供
・災害用電話機の設置
・燃料備蓄基地
・トイレや充電器の提供
・セブンVIEW(被災地の店舗・物流拠点の状態をクラウドマップ上に表示し、関係部門が状況を把握できるシステム)

セブンイレブン公式サイト
https://www.sej.co.jp/,d Wi-Fi

対象者
dポイントクラブ会員
SSID
「0001docomo」または「0000docomo」
URL
『d Wi-Fi』公式サイトURL：https://www.nttdocomo.co.jp/service/d_wifi//,セブンイレブン
セブンイレブン 長野川中島御厨店,・被災地への物資の提供
・災害用電話機の設置
・燃料備蓄基地
・トイレや充電器の提供
・セブンVIEW(被災地の店舗・物流拠点の状態をクラウドマップ上に表示し、関係部門が状況を把握できるシステム)

セブンイレブン公式サイト
https://www.sej.co.jp/,d Wi-Fi

対象者
dポイントクラブ会員
SSID
「0001docomo」または「0000docomo」
URL
『d Wi-Fi』公式サイトURL：https://www.nttdocomo.co.jp/service/d_wifi//,セブンイレブン
セブンイレブン 長野東寺尾店,・被災地への物資の提供
・災害用電話機の設置
・燃料備蓄基地
・トイレや充電器の提供
・セブンVIEW(被災地の店舗・物流拠点の状態をクラウドマップ上に表示し、関係部門が状況を把握できるシステム)

セブンイレブン公式サイト
https://www.sej.co.jp/,d Wi-Fi

対象者
dポイントクラブ会員
SSID
「0001docomo」または「0000docomo」
URL
『d Wi-Fi』公式サイトURL：https://www.nttdocomo.co.jp/service/d_wifi//,セブンイレブン
セブンイレブン 長野今里店,・被災地への物資の提供
・災害用電話機の設置
・燃料備蓄基地
・トイレや充電器の提供
・セブンVIEW(被災地の店舗・物流拠点の状態をクラウドマップ上に表示し、関係部門が状況を把握できるシステム)

セブンイレブン公式サイト
https://www.sej.co.jp/,d Wi-Fi

対象者
dポイントクラブ会員
SSID
「0001docomo」または「0000docomo」
URL
『d Wi-Fi』公式サイトURL：https://www.nttdocomo.co.jp/service/d_wifi//,セブンイレブン
セブンイレブン 篠ノ井さいなみ団地店,・被災地への物資の提供
・災害用電話機の設置
・燃料備蓄基地
・トイレや充電器の提供
・セブンVIEW(被災地の店舗・物流拠点の状態をクラウドマップ上に表示し、関係部門が状況を把握できるシステム)

セブンイレブン公式サイト
https://www.sej.co.jp/,d Wi-Fi

対象者
dポイントクラブ会員
SSID
「0001docomo」または「0000docomo」
URL
『d Wi-Fi』公式サイトURL：https://www.nttdocomo.co.jp/service/d_wifi//,セブンイレブン
セブンイレブン 長野南原店,・被災地への物資の提供
・災害用電話機の設置
・燃料備蓄基地
・トイレや充電器の提供
・セブンVIEW(被災地の店舗・物流拠点の状態をクラウドマップ上に表示し、関係部門が状況を把握できるシステム)

セブンイレブン公式サイト
https://www.sej.co.jp/,d Wi-Fi

対象者
dポイントクラブ会員
SSID
「0001docomo」または「0000docomo」
URL
『d Wi-Fi』公式サイトURL：https://www.nttdocomo.co.jp/service/d_wifi//,セブンイレブン
セブンイレブン 長野インター店,・被災地への物資の提供
・災害用電話機の設置
・燃料備蓄基地
・トイレや充電器の提供
・セブンVIEW(被災地の店舗・物流拠点の状態をクラウドマップ上に表示し、関係部門が状況を把握できるシステム)

セブンイレブン公式サイト
https://www.sej.co.jp/,d Wi-Fi

対象者
dポイントクラブ会員
SSID
「0001docomo」または「0000docomo」
URL
『d Wi-Fi』公式サイトURL：https://www.nttdocomo.co.jp/service/d_wifi//,セブンイレブン
セブンイレブン 篠の井バイパス店,・被災地への物資の提供
・災害用電話機の設置
・燃料備蓄基地
・トイレや充電器の提供
・セブンVIEW(被災地の店舗・物流拠点の状態をクラウドマップ上に表示し、関係部門が状況を把握できるシステム)

セブンイレブン公式サイト
https://www.sej.co.jp/,d Wi-Fi

対象者
dポイントクラブ会員
SSID
「0001docomo」または「0000docomo」
URL
『d Wi-Fi』公式サイトURL：https://www.nttdocomo.co.jp/service/d_wifi//,セブンイレブン
セブンイレブン 長野里島店,・被災地への物資の提供
・災害用電話機の設置
・燃料備蓄基地
・トイレや充電器の提供
・セブンVIEW(被災地の店舗・物流拠点の状態をクラウドマップ上に表示し、関係部門が状況を把握できるシステム)

セブンイレブン公式サイト
https://www.sej.co.jp/,d Wi-Fi

対象者
dポイントクラブ会員
SSID
「0001docomo」または「0000docomo」
URL
『d Wi-Fi』公式サイトURL：https://www.nttdocomo.co.jp/service/d_wifi//,セブンイレブン
セブンイレブン 篠ノ井会店,・被災地への物資の提供
・災害用電話機の設置
・燃料備蓄基地
・トイレや充電器の提供
・セブンVIEW(被災地の店舗・物流拠点の状態をクラウドマップ上に表示し、関係部門が状況を把握できるシステム)

セブンイレブン公式サイト
https://www.sej.co.jp/,d Wi-Fi

対象者
dポイントクラブ会員
SSID
「0001docomo」または「0000docomo」
URL
『d Wi-Fi』公式サイトURL：https://www.nttdocomo.co.jp/service/d_wifi//,セブンイレブン
セブンイレブン 篠ノ井布施高田店,・被災地への物資の提供
・災害用電話機の設置
・燃料備蓄基地
・トイレや充電器の提供
・セブンVIEW(被災地の店舗・物流拠点の状態をクラウドマップ上に表示し、関係部門が状況を把握できるシステム)

セブンイレブン公式サイト
https://www.sej.co.jp/,d Wi-Fi

対象者
dポイントクラブ会員
SSID
「0001docomo」または「0000docomo」
URL
『d Wi-Fi』公式サイトURL：https://www.nttdocomo.co.jp/service/d_wifi//,セブンイレブン
セブンイレブン 長野豊野石店,・被災地への物資の提供
・災害用電話機の設置
・燃料備蓄基地
・トイレや充電器の提供
・セブンVIEW(被災地の店舗・物流拠点の状態をクラウドマップ上に表示し、関係部門が状況を把握できるシステム)

セブンイレブン公式サイト
https://www.sej.co.jp/,d Wi-Fi

対象者
dポイントクラブ会員
SSID
「0001docomo」または「0000docomo」
URL
『d Wi-Fi』公式サイトURL：https://www.nttdocomo.co.jp/service/d_wifi//,セブンイレブン
セブンイレブン 長野アップルライン店,・被災地への物資の提供
・災害用電話機の設置
・燃料備蓄基地
・トイレや充電器の提供
・セブンVIEW(被災地の店舗・物流拠点の状態をクラウドマップ上に表示し、関係部門が状況を把握できるシステム)

セブンイレブン公式サイト
https://www.sej.co.jp/,d Wi-Fi

対象者
dポイントクラブ会員
SSID
「0001docomo」または「0000docomo」
URL
『d Wi-Fi』公式サイトURL：https://www.nttdocomo.co.jp/service/d_wifi//,セブンイレブン
セブンイレブン 長野松代清野店,・被災地への物資の提供
・災害用電話機の設置
・燃料備蓄基地
・トイレや充電器の提供
・セブンVIEW(被災地の店舗・物流拠点の状態をクラウドマップ上に表示し、関係部門が状況を把握できるシステム)

セブンイレブン公式サイト
https://www.sej.co.jp/,d Wi-Fi

対象者
dポイントクラブ会員
SSID
「0001docomo」または「0000docomo」
URL
『d Wi-Fi』公式サイトURL：https://www.nttdocomo.co.jp/service/d_wifi//,セブンイレブン
セブンイレブン 長野村山店,・被災地への物資の提供
・災害用電話機の設置
・燃料備蓄基地
・トイレや充電器の提供
・セブンVIEW(被災地の店舗・物流拠点の状態をクラウドマップ上に表示し、関係部門が状況を把握できるシステム)

セブンイレブン公式サイト
https://www.sej.co.jp/,d Wi-Fi

対象者
dポイントクラブ会員
SSID
「0001docomo」または「0000docomo」
URL
『d Wi-Fi』公式サイトURL：https://www.nttdocomo.co.jp/service/d_wifi//,セブンイレブン
セブンイレブン 篠ノ井布施五明店,・被災地への物資の提供
・災害用電話機の設置
・燃料備蓄基地
・トイレや充電器の提供
・セブンVIEW(被災地の店舗・物流拠点の状態をクラウドマップ上に表示し、関係部門が状況を把握できるシステム)

セブンイレブン公式サイト
https://www.sej.co.jp/,d Wi-Fi

対象者
dポイントクラブ会員
SSID
「0001docomo」または「0000docomo」
URL
『d Wi-Fi』公式サイトURL：https://www.nttdocomo.co.jp/service/d_wifi//,セブンイレブン
セブンイレブン 篠ノ井南店,・被災地への物資の提供
・災害用電話機の設置
・燃料備蓄基地
・トイレや充電器の提供
・セブンVIEW(被災地の店舗・物流拠点の状態をクラウドマップ上に表示し、関係部門が状況を把握できるシステム)

セブンイレブン公式サイト
https://www.sej.co.jp/,d Wi-Fi

対象者
dポイントクラブ会員
SSID
「0001docomo」または「0000docomo」
URL
『d Wi-Fi』公式サイトURL：https://www.nttdocomo.co.jp/service/d_wifi//,セブンイレブン
セブンイレブン 長野御幣川店,・被災地への物資の提供
・災害用電話機の設置
・燃料備蓄基地
・トイレや充電器の提供
・セブンVIEW(被災地の店舗・物流拠点の状態をクラウドマップ上に表示し、関係部門が状況を把握できるシステム)

セブンイレブン公式サイト
https://www.sej.co.jp/,d Wi-Fi

対象者
dポイントクラブ会員
SSID
「0001docomo」または「0000docomo」
URL
『d Wi-Fi』公式サイトURL：https://www.nttdocomo.co.jp/service/d_wifi//,セブンイレブン
セブンイレブン 信州牟礼店,・被災地への物資の提供
・災害用電話機の設置
・燃料備蓄基地
・トイレや充電器の提供
・セブンVIEW(被災地の店舗・物流拠点の状態をクラウドマップ上に表示し、関係部門が状況を把握できるシステム)

セブンイレブン公式サイト
https://www.sej.co.jp/,d Wi-Fi

対象者
dポイントクラブ会員
SSID
「0001docomo」または「0000docomo」
URL
『d Wi-Fi』公式サイトURL：https://www.nttdocomo.co.jp/service/d_wifi//,セブンイレブン
セブンイレブン 屋代団地店,・被災地への物資の提供
・災害用電話機の設置
・燃料備蓄基地
・トイレや充電器の提供
・セブンVIEW(被災地の店舗・物流拠点の状態をクラウドマップ上に表示し、関係部門が状況を把握できるシステム)

セブンイレブン公式サイト
https://www.sej.co.jp/,d Wi-Fi

対象者
dポイントクラブ会員
SSID
「0001docomo」または「0000docomo」
URL
『d Wi-Fi』公式サイトURL：https://www.nttdocomo.co.jp/service/d_wifi//,セブンイレブン
セブンイレブン 三水普光寺店,・被災地への物資の提供
・災害用電話機の設置
・燃料備蓄基地
・トイレや充電器の提供
・セブンVIEW(被災地の店舗・物流拠点の状態をクラウドマップ上に表示し、関係部門が状況を把握できるシステム)

セブンイレブン公式サイト
https://www.sej.co.jp/,d Wi-Fi

対象者
dポイントクラブ会員
SSID
「0001docomo」または「0000docomo」
URL
『d Wi-Fi』公式サイトURL：https://www.nttdocomo.co.jp/service/d_wifi//,セブンイレブン
セブンイレブン 更埴雨宮店,・被災地への物資の提供
・災害用電話機の設置
・燃料備蓄基地
・トイレや充電器の提供
・セブンVIEW(被災地の店舗・物流拠点の状態をクラウドマップ上に表示し、関係部門が状況を把握できるシステム)

セブンイレブン公式サイト
https://www.sej.co.jp/,d Wi-Fi

対象者
dポイントクラブ会員
SSID
「0001docomo」または「0000docomo」
URL
『d Wi-Fi』公式サイトURL：https://www.nttdocomo.co.jp/service/d_wifi//,セブンイレブン
セブンイレブン 豊野蟹沢店,・被災地への物資の提供
・災害用電話機の設置
・燃料備蓄基地
・トイレや充電器の提供
・セブンVIEW(被災地の店舗・物流拠点の状態をクラウドマップ上に表示し、関係部門が状況を把握できるシステム)

セブンイレブン公式サイト
https://www.sej.co.jp/,d Wi-Fi

対象者
dポイントクラブ会員
SSID
「0001docomo」または「0000docomo」
URL
『d Wi-Fi』公式サイトURL：https://www.nttdocomo.co.jp/service/d_wifi//,セブンイレブン
セブンイレブン 更埴インター南店,・被災地への物資の提供
・災害用電話機の設置
・燃料備蓄基地
・トイレや充電器の提供
・セブンVIEW(被災地の店舗・物流拠点の状態をクラウドマップ上に表示し、関係部門が状況を把握できるシステム)

セブンイレブン公式サイト
https://www.sej.co.jp/,d Wi-Fi

対象者
dポイントクラブ会員
SSID
「0001docomo」または「0000docomo」
URL
『d Wi-Fi』公式サイトURL：https://www.nttdocomo.co.jp/service/d_wifi//,セブンイレブン
セブンイレブン 篠ノ井塩崎店,・被災地への物資の提供
・災害用電話機の設置
・燃料備蓄基地
・トイレや充電器の提供
・セブンVIEW(被災地の店舗・物流拠点の状態をクラウドマップ上に表示し、関係部門が状況を把握できるシステム)

セブンイレブン公式サイト
https://www.sej.co.jp/,d Wi-Fi

対象者
dポイントクラブ会員
SSID
「0001docomo」または「0000docomo」
URL
『d Wi-Fi』公式サイトURL：https://www.nttdocomo.co.jp/service/d_wifi//,セブンイレブン
セブンイレブン 信州中条村店,・被災地への物資の提供
・災害用電話機の設置
・燃料備蓄基地
・トイレや充電器の提供
・セブンVIEW(被災地の店舗・物流拠点の状態をクラウドマップ上に表示し、関係部門が状況を把握できるシステム)

セブンイレブン公式サイト
https://www.sej.co.jp/,d Wi-Fi

対象者
dポイントクラブ会員
SSID
「0001docomo」または「0000docomo」
URL
『d Wi-Fi』公式サイトURL：https://www.nttdocomo.co.jp/service/d_wifi//,セブンイレブン
セブンイレブン 信州新町店,・被災地への物資の提供
・災害用電話機の設置
・燃料備蓄基地
・トイレや充電器の提供
・セブンVIEW(被災地の店舗・物流拠点の状態をクラウドマップ上に表示し、関係部門が状況を把握できるシステム)

セブンイレブン公式サイト
https://www.sej.co.jp/,,セブンイレブン
セブンイレブン 長野柳原店,・被災地への物資の提供
・災害用電話機の設置
・燃料備蓄基地
・トイレや充電器の提供
・セブンVIEW(被災地の店舗・物流拠点の状態をクラウドマップ上に表示し、関係部門が状況を把握できるシステム)

セブンイレブン公式サイト
https://www.sej.co.jp/,d Wi-Fi

対象者
dポイントクラブ会員
SSID
「0001docomo」または「0000docomo」
URL
『d Wi-Fi』公式サイトURL：https://www.nttdocomo.co.jp/service/d_wifi//,セブンイレブン
ローソン 篠ノ井北小森店,・小型発電機の配備
・避難所への緊急支援物資提供
・医療救護
・非常炊き出し
・行方不明者との連絡
・状況に応じて電源やトイレなども開放
・携帯電話の充電サービス(台風15号・19号)

ローソン公式サイト
https://www.lawson.co.jp/,・ソフトバンクWi-Fi
・d Wi-Fi

対象
・ソフトバンクユーザー
・dポイントクラブ会員
SSID
・「mobilepoint」、「0000softbank」または「0001softbank」
・「0001docomo」または「0000docomo」
URL
・『ソフトバンクWi-Fi』公式サイト URL：https://www.softbank.jp/mobile/network/wifispot/
・『d Wi-Fi』公式サイトURL：https://www.nttdocomo.co.jp/service/d_wifi/,ローソン
ローソン 青木島大塚店,・小型発電機の配備
・避難所への緊急支援物資提供
・医療救護
・非常炊き出し
・行方不明者との連絡
・状況に応じて電源やトイレなども開放
・携帯電話の充電サービス(台風15号・19号)

ローソン公式サイト
https://www.lawson.co.jp/,・ソフトバンクWi-Fi
・d Wi-Fi

対象
・ソフトバンクユーザー
・dポイントクラブ会員
SSID
・「mobilepoint」、「0000softbank」または「0001softbank」
・「0001docomo」または「0000docomo」
URL
・『ソフトバンクWi-Fi』公式サイト URL：https://www.softbank.jp/mobile/network/wifispot/
・『d Wi-Fi』公式サイトURL：https://www.nttdocomo.co.jp/service/d_wifi/,ローソン
ローソン 川中島御厨店,・小型発電機の配備
・避難所への緊急支援物資提供
・医療救護
・非常炊き出し
・行方不明者との連絡
・状況に応じて電源やトイレなども開放
・携帯電話の充電サービス(台風15号・19号)

ローソン公式サイト
https://www.lawson.co.jp/,・ソフトバンクWi-Fi
・d Wi-Fi

対象
・ソフトバンクユーザー
・dポイントクラブ会員
SSID
・「mobilepoint」、「0000softbank」または「0001softbank」
・「0001docomo」または「0000docomo」
URL
・『ソフトバンクWi-Fi』公式サイト URL：https://www.softbank.jp/mobile/network/wifispot/
・『d Wi-Fi』公式サイトURL：https://www.nttdocomo.co.jp/service/d_wifi/,ローソン
ローソン 長野SBC通店,・小型発電機の配備
・避難所への緊急支援物資提供
・医療救護
・非常炊き出し
・行方不明者との連絡
・状況に応じて電源やトイレなども開放
・携帯電話の充電サービス(台風15号・19号)

ローソン公式サイト
https://www.lawson.co.jp/,・ソフトバンクWi-Fi
・d Wi-Fi

対象
・ソフトバンクユーザー
・dポイントクラブ会員
SSID
・「mobilepoint」、「0000softbank」または「0001softbank」
・「0001docomo」または「0000docomo」
URL
・『ソフトバンクWi-Fi』公式サイト URL：https://www.softbank.jp/mobile/network/wifispot/
・『d Wi-Fi』公式サイトURL：https://www.nttdocomo.co.jp/service/d_wifi/,ローソン
ローソン 長野ホクト文化ホール前店,・小型発電機の配備
・避難所への緊急支援物資提供
・医療救護
・非常炊き出し
・行方不明者との連絡
・状況に応じて電源やトイレなども開放
・携帯電話の充電サービス(台風15号・19号)

ローソン公式サイト
https://www.lawson.co.jp/,・ソフトバンクWi-Fi
・d Wi-Fi

対象
・ソフトバンクユーザー
・dポイントクラブ会員
SSID
・「mobilepoint」、「0000softbank」または「0001softbank」
・「0001docomo」または「0000docomo」
URL
・『ソフトバンクWi-Fi』公式サイト URL：https://www.softbank.jp/mobile/network/wifispot/
・『d Wi-Fi』公式サイトURL：https://www.nttdocomo.co.jp/service/d_wifi/,ローソン
ローソン 長野安茂里店,・小型発電機の配備
・避難所への緊急支援物資提供
・医療救護
・非常炊き出し
・行方不明者との連絡
・状況に応じて電源やトイレなども開放
・携帯電話の充電サービス(台風15号・19号)

ローソン公式サイト
https://www.lawson.co.jp/,・ソフトバンクWi-Fi
・d Wi-Fi

対象
・ソフトバンクユーザー
・dポイントクラブ会員
SSID
・「mobilepoint」、「0000softbank」または「0001softbank」
・「0001docomo」または「0000docomo」
URL
・『ソフトバンクWi-Fi』公式サイト URL：https://www.softbank.jp/mobile/network/wifispot/
・『d Wi-Fi』公式サイトURL：https://www.nttdocomo.co.jp/service/d_wifi/,ローソン
ローソン 長野稲田1丁目店,・小型発電機の配備
・避難所への緊急支援物資提供
・医療救護
・非常炊き出し
・行方不明者との連絡
・状況に応じて電源やトイレなども開放
・携帯電話の充電サービス(台風15号・19号)

ローソン公式サイト
https://www.lawson.co.jp/,・ソフトバンクWi-Fi
・d Wi-Fi
・au Wi-Fi

対象
・ソフトバンクユーザー
・dポイントクラブ会員
・auユーザーかつ、特定の料金プランをご利用の方
SSID
・「mobilepoint」、「0000softbank」または「0001softbank」
・「0001docomo」または「0000docomo」
・「au_Wi-Fi2」
URL
・『ソフトバンクWi-Fi』公式サイト URL：https://www.softbank.jp/mobile/network/wifispot/
・『d Wi-Fi』公式サイトURL：https://www.nttdocomo.co.jp/service/d_wifi/
・『au Wi-Fi』公式サイトURL：https://www.au.com/mobile/service/wifi/wifi-spot/,ローソン
ローソン 長野稲田3丁目店,・小型発電機の配備
・避難所への緊急支援物資提供
・医療救護
・非常炊き出し
・行方不明者との連絡
・状況に応じて電源やトイレなども開放
・携帯電話の充電サービス(台風15号・19号)

ローソン公式サイト
https://www.lawson.co.jp/,・ソフトバンクWi-Fi
・d Wi-Fi
・au Wi-Fi

対象
・ソフトバンクユーザー
・dポイントクラブ会員
・auユーザーかつ、特定の料金プランをご利用の方
SSID
・「mobilepoint」、「0000softbank」または「0001softbank」
・「0001docomo」または「0000docomo」
・「au_Wi-Fi2」
URL
・『ソフトバンクWi-Fi』公式サイト URL：https://www.softbank.jp/mobile/network/wifispot/
・『d Wi-Fi』公式サイトURL：https://www.nttdocomo.co.jp/service/d_wifi/
・『au Wi-Fi』公式サイトURL：https://www.au.com/mobile/service/wifi/wifi-spot/,ローソン
ローソン 長野稲里町田牧店,・小型発電機の配備
・避難所への緊急支援物資提供
・医療救護
・非常炊き出し
・行方不明者との連絡
・状況に応じて電源やトイレなども開放
・携帯電話の充電サービス(台風15号・19号)

ローソン公式サイト
https://www.lawson.co.jp/,d Wi-Fi

対象
dポイントクラブ会員
SSID
「0001docomo」または「0000docomo」
URL
『d Wi-Fi』公式サイトURL
https://www.nttdocomo.co.jp/service/d_wifi//,ローソン
ローソン 長野駅前店,・小型発電機の配備
・避難所への緊急支援物資提供
・医療救護
・非常炊き出し
・行方不明者との連絡
・状況に応じて電源やトイレなども開放
・携帯電話の充電サービス(台風15号・19号)

ローソン公式サイト
https://www.lawson.co.jp/,・ソフトバンクWi-Fi
・d Wi-Fi
・au Wi-Fi

対象
・ソフトバンクユーザー
・dポイントクラブ会員
・auユーザーかつ、特定の料金プランをご利用の方
SSID
・「mobilepoint」、「0000softbank」または「0001softbank」
・「0001docomo」または「0000docomo」
・「au_Wi-Fi2」
URL
・『ソフトバンクWi-Fi』公式サイト URL：https://www.softbank.jp/mobile/network/wifispot/
・『d Wi-Fi』公式サイトURL：https://www.nttdocomo.co.jp/service/d_wifi/
・『au Wi-Fi』公式サイトURL：https://www.au.com/mobile/service/wifi/wifi-spot/,ローソン
ローソン 長野居町店,・小型発電機の配備
・避難所への緊急支援物資提供
・医療救護
・非常炊き出し
・行方不明者との連絡
・状況に応じて電源やトイレなども開放
・携帯電話の充電サービス(台風15号・19号)

ローソン公式サイト
https://www.lawson.co.jp/,・d Wi-Fi
・au Wi-Fi

対象
・dポイントクラブ会員
・auユーザーかつ、特定の料金プランをご利用の方
SSID
・「0001docomo」または「0000docomo」
・「au_Wi-Fi2」
URL
・『d Wi-Fi』公式サイトURL：https://www.nttdocomo.co.jp/service/d_wifi//
・『au Wi-Fi』公式サイトURL：https://www.au.com/mobile/service/wifi/wifi-spot//,ローソン
ローソン 長野県庁前店,・小型発電機の配備
・避難所への緊急支援物資提供
・医療救護
・非常炊き出し
・行方不明者との連絡
・状況に応じて電源やトイレなども開放
・携帯電話の充電サービス(台風15号・19号)

ローソン公式サイト
https://www.lawson.co.jp/,ソフトバンクWi-Fi

対象
ソフトバンクユーザー
SSID
「mobilepoint」、「0000softbank」または「0001softbank」
URL
『ソフトバンクWi-Fi』公式サイト URL：https://www.softbank.jp/mobile/network/wifispot/,ローソン
ローソン 長野差出南3丁目,・小型発電機の配備
・避難所への緊急支援物資提供
・医療救護
・非常炊き出し
・行方不明者との連絡
・状況に応じて電源やトイレなども開放
・携帯電話の充電サービス(台風15号・19号)

ローソン公式サイト
https://www.lawson.co.jp/,,ローソン
ローソン 長野三本柳店,・小型発電機の配備
・避難所への緊急支援物資提供
・医療救護
・非常炊き出し
・行方不明者との連絡
・状況に応じて電源やトイレなども開放
・携帯電話の充電サービス(台風15号・19号)

ローソン公式サイト
https://www.lawson.co.jp/,・ソフトバンクWi-Fi
・d Wi-Fi

対象
・ソフトバンクユーザー
・dポイントクラブ会員
SSID
・「mobilepoint」、「0000softbank」または「0001softbank」
・「0001docomo」または「0000docomo」
URL
・『ソフトバンクWi-Fi』公式サイト URL：https://www.softbank.jp/mobile/network/wifispot/
・『d Wi-Fi』公式サイトURL：https://www.nttdocomo.co.jp/service/d_wifi/,ローソン
ローソン 長野三輪6丁目店,・小型発電機の配備
・避難所への緊急支援物資提供
・医療救護
・非常炊き出し
・行方不明者との連絡
・状況に応じて電源やトイレなども開放
・携帯電話の充電サービス(台風15号・19号)

ローソン公式サイト
https://www.lawson.co.jp/,・ソフトバンクWi-Fi
・d Wi-Fi
・au Wi-Fi

対象
・ソフトバンクユーザー
・dポイントクラブ会員
・auユーザーかつ、特定の料金プランをご利用の方
SSID
・「mobilepoint」、「0000softbank」または「0001softbank」
・「0001docomo」または「0000docomo」
・「au_Wi-Fi2」
URL
・『ソフトバンクWi-Fi』公式サイト URL：https://www.softbank.jp/mobile/network/wifispot/
・『d Wi-Fi』公式サイトURL：https://www.nttdocomo.co.jp/service/d_wifi/
・『au Wi-Fi』公式サイトURL：https://www.au.com/mobile/service/wifi/wifi-spot/,ローソン
ローソン 長野市民病院店,・小型発電機の配備
・避難所への緊急支援物資提供
・医療救護
・非常炊き出し
・行方不明者との連絡
・状況に応じて電源やトイレなども開放
・携帯電話の充電サービス(台風15号・19号)

ローソン公式サイト
https://www.lawson.co.jp/,d Wi-Fi

対象
dポイントクラブ会員
SSID
「0001docomo」または「0000docomo」
URL
『d Wi-Fi』公式サイトURL
https://www.nttdocomo.co.jp/service/d_wifi//,ローソン
ローソン 長野松代町店,・小型発電機の配備
・避難所への緊急支援物資提供
・医療救護
・非常炊き出し
・行方不明者との連絡
・状況に応じて電源やトイレなども開放
・携帯電話の充電サービス(台風15号・19号)

ローソン公式サイト
https://www.lawson.co.jp/,・ソフトバンクWi-Fi
・d Wi-Fi

対象
・ソフトバンクユーザー
・dポイントクラブ会員
SSID
・「mobilepoint」、「0000softbank」または「0001softbank」
・「0001docomo」または「0000docomo」
URL
・『ソフトバンクWi-Fi』公式サイト URL：https://www.softbank.jp/mobile/network/wifispot/
・『d Wi-Fi』公式サイトURL：https://www.nttdocomo.co.jp/service/d_wifi/,ローソン
ローソン 長野上松三丁目店,・小型発電機の配備
・避難所への緊急支援物資提供
・医療救護
・非常炊き出し
・行方不明者との連絡
・状況に応じて電源やトイレなども開放
・携帯電話の充電サービス(台風15号・19号)

ローソン公式サイト
https://www.lawson.co.jp/,・ソフトバンクWi-Fi
・d Wi-Fi

対象
・ソフトバンクユーザー
・dポイントクラブ会員
SSID
・「mobilepoint」、「0000softbank」または「0001softbank」
・「0001docomo」または「0000docomo」
URL
・『ソフトバンクWi-Fi』公式サイト URL：https://www.softbank.jp/mobile/network/wifispot/
・『d Wi-Fi』公式サイトURL：https://www.nttdocomo.co.jp/service/d_wifi/,ローソン
ローソン 長野上松二丁目店,・小型発電機の配備
・避難所への緊急支援物資提供
・医療救護
・非常炊き出し
・行方不明者との連絡
・状況に応じて電源やトイレなども開放
・携帯電話の充電サービス(台風15号・19号)

ローソン公式サイト
https://www.lawson.co.jp/,・ソフトバンクWi-Fi
・d Wi-Fi

対象
・ソフトバンクユーザー
・dポイントクラブ会員
SSID
・「mobilepoint」、「0000softbank」または「0001softbank」
・「0001docomo」または「0000docomo」
URL
・『ソフトバンクWi-Fi』公式サイト URL：https://www.softbank.jp/mobile/network/wifispot/
・『d Wi-Fi』公式サイトURL：https://www.nttdocomo.co.jp/service/d_wifi/,ローソン
ローソン 長野信大教育学部西店,・小型発電機の配備
・避難所への緊急支援物資提供
・医療救護
・非常炊き出し
・行方不明者との連絡
・状況に応じて電源やトイレなども開放
・携帯電話の充電サービス(台風15号・19号)

ローソン公式サイト
https://www.lawson.co.jp/,d Wi-Fi

対象
dポイントクラブ会員
SSID
「0001docomo」または「0000docomo」
URL
『d Wi-Fi』公式サイトURL：https://www.nttdocomo.co.jp/service/d_wifi//,ローソン
ローソン 長野西尾張部店,・小型発電機の配備
・避難所への緊急支援物資提供
・医療救護
・非常炊き出し
・行方不明者との連絡
・状況に応じて電源やトイレなども開放
・携帯電話の充電サービス(台風15号・19号)

ローソン公式サイト
https://www.lawson.co.jp/,・ソフトバンクWi-Fi
・d Wi-Fi
・au Wi-Fi

対象
・ソフトバンクユーザー
・dポイントクラブ会員
・auユーザーかつ、特定の料金プランをご利用の方
SSID
・「mobilepoint」、「0000softbank」または「0001softbank」
・「0001docomo」または「0000docomo」
・「au_Wi-Fi2」
URL
・『ソフトバンクWi-Fi』公式サイト URL：https://www.softbank.jp/mobile/network/wifispot/
・『d Wi-Fi』公式サイトURL：https://www.nttdocomo.co.jp/service/d_wifi/
・『au Wi-Fi』公式サイトURL：https://www.au.com/mobile/service/wifi/wifi-spot/,ローソン
ローソン 長野石渡店,・小型発電機の配備
・避難所への緊急支援物資提供
・医療救護
・非常炊き出し
・行方不明者との連絡
・状況に応じて電源やトイレなども開放
・携帯電話の充電サービス(台風15号・19号)

ローソン公式サイト
https://www.lawson.co.jp/,・ソフトバンクWi-Fi
・d Wi-Fi
・au Wi-Fi

対象
・ソフトバンクユーザー
・dポイントクラブ会員
・auユーザーかつ、特定の料金プランをご利用の方
SSID
・「mobilepoint」、「0000softbank」または「0001softbank」
・「0001docomo」または「0000docomo」
・「au_Wi-Fi2」
URL
・『ソフトバンクWi-Fi』公式サイト URL：https://www.softbank.jp/mobile/network/wifispot/
・『d Wi-Fi』公式サイトURL：https://www.nttdocomo.co.jp/service/d_wifi/
・『au Wi-Fi』公式サイトURL：https://www.au.com/mobile/service/wifi/wifi-spot/,ローソン
ローソン 長野川中島原店,・小型発電機の配備
・避難所への緊急支援物資提供
・医療救護
・非常炊き出し
・行方不明者との連絡
・状況に応じて電源やトイレなども開放
・携帯電話の充電サービス(台風15号・19号)

ローソン公式サイト
https://www.lawson.co.jp/,・ソフトバンクWi-Fi
・d Wi-Fi

対象
・ソフトバンクユーザー
・dポイントクラブ会員
SSID
・「mobilepoint」、「0000softbank」または「0001softbank」
・「0001docomo」または「0000docomo」
URL
・『ソフトバンクWi-Fi』公式サイト URL：https://www.softbank.jp/mobile/network/wifispot/
・『d Wi-Fi』公式サイトURL：https://www.nttdocomo.co.jp/service/d_wifi/,ローソン
ローソン 長野川中島今里店,・小型発電機の配備
・避難所への緊急支援物資提供
・医療救護
・非常炊き出し
・行方不明者との連絡
・状況に応じて電源やトイレなども開放
・携帯電話の充電サービス(台風15号・19号)

ローソン公式サイト
https://www.lawson.co.jp/,d Wi-Fi

対象
dポイントクラブ会員
SSID
「0001docomo」または「0000docomo」
URL
『d Wi-Fi』公式サイトURL
https://www.nttdocomo.co.jp/service/d_wifi//,ローソン
ローソン 長野大橋南店,・小型発電機の配備
・避難所への緊急支援物資提供
・医療救護
・非常炊き出し
・行方不明者との連絡
・状況に応じて電源やトイレなども開放
・携帯電話の充電サービス(台風15号・19号)

ローソン公式サイト
https://www.lawson.co.jp/,・ソフトバンクWi-Fi
・d Wi-Fi

対象
・ソフトバンクユーザー
・dポイントクラブ会員
SSID
・「mobilepoint」、「0000softbank」または「0001softbank」
・「0001docomo」または「0000docomo」
URL
・『ソフトバンクWi-Fi』公式サイト URL：https://www.softbank.jp/mobile/network/wifispot/
・『d Wi-Fi』公式サイトURL：https://www.nttdocomo.co.jp/service/d_wifi/,ローソン
ローソン 長野大豆島店,・小型発電機の配備
・避難所への緊急支援物資提供
・医療救護
・非常炊き出し
・行方不明者との連絡
・状況に応じて電源やトイレなども開放
・携帯電話の充電サービス(台風15号・19号)

ローソン公式サイト
https://www.lawson.co.jp/,・ソフトバンクWi-Fi
・d Wi-Fi

対象
・ソフトバンクユーザー
・dポイントクラブ会員
SSID
・「mobilepoint」、「0000softbank」または「0001softbank」
・「0001docomo」または「0000docomo」
URL
・『ソフトバンクWi-Fi』公式サイト URL：https://www.softbank.jp/mobile/network/wifispot/
・『d Wi-Fi』公式サイトURL：https://www.nttdocomo.co.jp/service/d_wifi/,ローソン
ローソン 長野檀田店,・小型発電機の配備
・避難所への緊急支援物資提供
・医療救護
・非常炊き出し
・行方不明者との連絡
・状況に応じて電源やトイレなども開放
・携帯電話の充電サービス(台風15号・19号)

ローソン公式サイト
https://www.lawson.co.jp/,・ソフトバンクWi-Fi
・d Wi-Fi

対象
・ソフトバンクユーザー
・dポイントクラブ会員
SSID
・「mobilepoint」、「0000softbank」または「0001softbank」
・「0001docomo」または「0000docomo」
URL
・『ソフトバンクWi-Fi』公式サイト URL：https://www.softbank.jp/mobile/network/wifispot/
・『d Wi-Fi』公式サイトURL：https://www.nttdocomo.co.jp/service/d_wifi/,ローソン
ローソン 長野田中店,・小型発電機の配備
・避難所への緊急支援物資提供
・医療救護
・非常炊き出し
・行方不明者との連絡
・状況に応じて電源やトイレなども開放
・携帯電話の充電サービス(台風15号・19号)

ローソン公式サイト
https://www.lawson.co.jp/,d Wi-Fi

対象
dポイントクラブ会員
SSID
「0001docomo」または「0000docomo」
URL
『d Wi-Fi』公式サイトURL
https://www.nttdocomo.co.jp/service/d_wifi//,ローソン
ローソン 長野東通り店,・小型発電機の配備
・避難所への緊急支援物資提供
・医療救護
・非常炊き出し
・行方不明者との連絡
・状況に応じて電源やトイレなども開放
・携帯電話の充電サービス(台風15号・19号)

ローソン公式サイト
https://www.lawson.co.jp/,・ソフトバンクWi-Fi
・d Wi-Fi
・au Wi-Fi

対象
・ソフトバンクユーザー
・dポイントクラブ会員
・auユーザーかつ、特定の料金プランをご利用の方
SSID
・「mobilepoint」、「0000softbank」または「0001softbank」
・「0001docomo」または「0000docomo」
・「au_Wi-Fi2」
URL
・『ソフトバンクWi-Fi』公式サイト URL：https://www.softbank.jp/mobile/network/wifispot/
・『d Wi-Fi』公式サイトURL：https://www.nttdocomo.co.jp/service/d_wifi/
・『au Wi-Fi』公式サイトURL：https://www.au.com/mobile/service/wifi/wifi-spot/,ローソン
ローソン 長野南千歳店,・小型発電機の配備
・避難所への緊急支援物資提供
・医療救護
・非常炊き出し
・行方不明者との連絡
・状況に応じて電源やトイレなども開放
・携帯電話の充電サービス(台風15号・19号)

ローソン公式サイト
https://www.lawson.co.jp/,・ソフトバンクWi-Fi
・d Wi-Fi

対象
・ソフトバンクユーザー
・dポイントクラブ会員
SSID
・「mobilepoint」、「0000softbank」または「0001softbank」
・「0001docomo」または「0000docomo」
URL
・『ソフトバンクWi-Fi』公式サイト URL：https://www.softbank.jp/mobile/network/wifispot/
・『d Wi-Fi』公式サイトURL：https://www.nttdocomo.co.jp/service/d_wifi/,ローソン
ローソン 長野南千歳1丁目店,・小型発電機の配備
・避難所への緊急支援物資提供
・医療救護
・非常炊き出し
・行方不明者との連絡
・状況に応じて電源やトイレなども開放
・携帯電話の充電サービス(台風15号・19号)

ローソン公式サイト
https://www.lawson.co.jp/,・ソフトバンクWi-Fi
・d Wi-Fi
・au Wi-Fi

対象
・ソフトバンクユーザー
・dポイントクラブ会員
・auユーザーかつ、特定の料金プランをご利用の方
SSID
・「mobilepoint」、「0000softbank」または「0001softbank」
・「0001docomo」または「0000docomo」
・「au_Wi-Fi2」
URL
・『ソフトバンクWi-Fi』公式サイト URL：https://www.softbank.jp/mobile/network/wifispot/
・『d Wi-Fi』公式サイトURL：https://www.nttdocomo.co.jp/service/d_wifi/
・『au Wi-Fi』公式サイトURL：https://www.au.com/mobile/service/wifi/wifi-spot/,ローソン
ローソン 長野日詰店,・小型発電機の配備
・避難所への緊急支援物資提供
・医療救護
・非常炊き出し
・行方不明者との連絡
・状況に応じて電源やトイレなども開放
・携帯電話の充電サービス(台風15号・19号)

ローソン公式サイト
https://www.lawson.co.jp/,d Wi-Fi

対象
dポイントクラブ会員
SSID
「0001docomo」または「0000docomo」
URL
『d Wi-Fi』公式サイトURL
https://www.nttdocomo.co.jp/service/d_wifi//,ローソン
ローソン 長野富竹店,・小型発電機の配備
・避難所への緊急支援物資提供
・医療救護
・非常炊き出し
・行方不明者との連絡
・状況に応じて電源やトイレなども開放
・携帯電話の充電サービス(台風15号・19号)

ローソン公式サイト
https://www.lawson.co.jp/,・ソフトバンクWi-Fi
・d Wi-Fi

対象
・ソフトバンクユーザー
・dポイントクラブ会員
SSID
・「mobilepoint」、「0000softbank」または「0001softbank」
・「0001docomo」または「0000docomo」
URL
・『ソフトバンクWi-Fi』公式サイト URL：https://www.softbank.jp/mobile/network/wifispot/
・『d Wi-Fi』公式サイトURL：https://www.nttdocomo.co.jp/service/d_wifi/,ローソン
ローソン 長野穂保店,・小型発電機の配備
・避難所への緊急支援物資提供
・医療救護
・非常炊き出し
・行方不明者との連絡
・状況に応じて電源やトイレなども開放
・携帯電話の充電サービス(台風15号・19号)

ローソン公式サイト
https://www.lawson.co.jp/,・ソフトバンクWi-Fi
・d Wi-Fi

対象
・ソフトバンクユーザー
・dポイントクラブ会員
SSID
・「mobilepoint」、「0000softbank」または「0001softbank」
・「0001docomo」または「0000docomo」
URL
・『ソフトバンクWi-Fi』公式サイト URL：https://www.softbank.jp/mobile/network/wifispot/
・『d Wi-Fi』公式サイトURL：https://www.nttdocomo.co.jp/service/d_wifi/,ローソン
ローソン 長野北長池店,・小型発電機の配備
・避難所への緊急支援物資提供
・医療救護
・非常炊き出し
・行方不明者との連絡
・状況に応じて電源やトイレなども開放
・携帯電話の充電サービス(台風15号・19号)

ローソン公式サイト
https://www.lawson.co.jp/,・ソフトバンクWi-Fi
・d Wi-Fi

対象
・ソフトバンクユーザー
・dポイントクラブ会員
SSID
・「mobilepoint」、「0000softbank」または「0001softbank」
・「0001docomo」または「0000docomo」
URL
・『ソフトバンクWi-Fi』公式サイト URL：https://www.softbank.jp/mobile/network/wifispot/
・『d Wi-Fi』公式サイトURL：https://www.nttdocomo.co.jp/service/d_wifi/,ローソン
ローソン 長野本郷駅前店,・小型発電機の配備
・避難所への緊急支援物資提供
・医療救護
・非常炊き出し
・行方不明者との連絡
・状況に応じて電源やトイレなども開放
・携帯電話の充電サービス(台風15号・19号)

ローソン公式サイト
https://www.lawson.co.jp/,・ソフトバンクWi-Fi
・d Wi-Fi

対象
・ソフトバンクユーザー
・dポイントクラブ会員
SSID
・「mobilepoint」、「0000softbank」または「0001softbank」
・「0001docomo」または「0000docomo」
URL
・『ソフトバンクWi-Fi』公式サイト URL：https://www.softbank.jp/mobile/network/wifispot/
・『d Wi-Fi』公式サイトURL：https://www.nttdocomo.co.jp/service/d_wifi/,ローソン
ローソン 北長野駅前店,・小型発電機の配備
・避難所への緊急支援物資提供
・医療救護
・非常炊き出し
・行方不明者との連絡
・状況に応じて電源やトイレなども開放
・携帯電話の充電サービス(台風15号・19号)

ローソン公式サイト
https://www.lawson.co.jp/,d Wi-Fi

対象
dポイントクラブ会員
SSID
「0001docomo」または「0000docomo」
URL
『d Wi-Fi』公式サイトURL
https://www.nttdocomo.co.jp/service/d_wifi//,ローソン
ファミリーマート 長野大豆島店,・緊急支援物資の提供
・被災地の復旧活動
・小型発電機等の配置
・「SEMA」(日本国内での大規模自然災害発生時に、民間企業とNPOの連携により企業が持つ物資・サービス等の支援をワンストップで提供する、緊急災害対応アライアンス)

ファミリーマート公式サイト
https://www.family.co.jp/,d Wi-Fi

対象
dポイントクラブ会員
SSID
「0001docomo」または「0000docomo」
URL
『d Wi-Fi』公式サイトURL：https://www.nttdocomo.co.jp/service/d_wifi//,ファミリーマート
ファミリーマート 長野若槻大通り店,・緊急支援物資の提供
・被災地の復旧活動
・小型発電機等の配置
・「SEMA」(日本国内での大規模自然災害発生時に、民間企業とNPOの連携により企業が持つ物資・サービス等の支援をワンストップで提供する、緊急災害対応アライアンス)

ファミリーマート公式サイト
https://www.family.co.jp/,d Wi-Fi

対象
dポイントクラブ会員
SSID
「0001docomo」または「0000docomo」
URL
『d Wi-Fi』公式サイトURL：https://www.nttdocomo.co.jp/service/d_wifi//,ファミリーマート
ファミリーマート 長野東和田店,・緊急支援物資の提供
・被災地の復旧活動
・小型発電機等の配置
・「SEMA」(日本国内での大規模自然災害発生時に、民間企業とNPOの連携により企業が持つ物資・サービス等の支援をワンストップで提供する、緊急災害対応アライアンス)

ファミリーマート公式サイト
https://www.family.co.jp/,d Wi-Fi

対象
dポイントクラブ会員
SSID
「0001docomo」または「0000docomo」
URL
『d Wi-Fi』公式サイトURL：https://www.nttdocomo.co.jp/service/d_wifi//,ファミリーマート
ファミリーマート 長野三輪荒屋店,・緊急支援物資の提供
・被災地の復旧活動
・小型発電機等の配置
・「SEMA」(日本国内での大規模自然災害発生時に、民間企業とNPOの連携により企業が持つ物資・サービス等の支援をワンストップで提供する、緊急災害対応アライアンス)

ファミリーマート公式サイト
https://www.family.co.jp/,d Wi-Fi

対象
dポイントクラブ会員
SSID
「0001docomo」または「0000docomo」
URL
『d Wi-Fi』公式サイトURL：https://www.nttdocomo.co.jp/service/d_wifi//,ファミリーマート
ファミリーマート 長野若里一丁目店,・緊急支援物資の提供
・被災地の復旧活動
・小型発電機等の配置
・「SEMA」(日本国内での大規模自然災害発生時に、民間企業とNPOの連携により企業が持つ物資・サービス等の支援をワンストップで提供する、緊急災害対応アライアンス)

ファミリーマート公式サイト
https://www.family.co.jp/,d Wi-Fi

対象
dポイントクラブ会員
SSID
「0001docomo」または「0000docomo」
URL
『d Wi-Fi』公式サイトURL：https://www.nttdocomo.co.jp/service/d_wifi//,ファミリーマート
ファミリーマート 長野伊勢宮店,・緊急支援物資の提供
・被災地の復旧活動
・小型発電機等の配置
・「SEMA」(日本国内での大規模自然災害発生時に、民間企業とNPOの連携により企業が持つ物資・サービス等の支援をワンストップで提供する、緊急災害対応アライアンス)

ファミリーマート公式サイト
https://www.family.co.jp/,d Wi-Fi

対象
dポイントクラブ会員
SSID
「0001docomo」または「0000docomo」
URL
『d Wi-Fi』公式サイトURL：https://www.nttdocomo.co.jp/service/d_wifi//,ファミリーマート
ファミリーマート 長野中氷鉋店,・緊急支援物資の提供
・被災地の復旧活動
・小型発電機等の配置
・「SEMA」(日本国内での大規模自然災害発生時に、民間企業とNPOの連携により企業が持つ物資・サービス等の支援をワンストップで提供する、緊急災害対応アライアンス)

ファミリーマート公式サイト
https://www.family.co.jp/,d Wi-Fi

対象
dポイントクラブ会員
SSID
「0001docomo」または「0000docomo」
URL
『d Wi-Fi』公式サイトURL：https://www.nttdocomo.co.jp/service/d_wifi//,ファミリーマート
ファミリーマート 長野水沢上庭店,・緊急支援物資の提供
・被災地の復旧活動
・小型発電機等の配置
・「SEMA」(日本国内での大規模自然災害発生時に、民間企業とNPOの連携により企業が持つ物資・サービス等の支援をワンストップで提供する、緊急災害対応アライアンス)

ファミリーマート公式サイト
https://www.family.co.jp/,d Wi-Fi

対象
dポイントクラブ会員
SSID
「0001docomo」または「0000docomo」
URL
『d Wi-Fi』公式サイトURL：https://www.nttdocomo.co.jp/service/d_wifi//,ファミリーマート
ファミリーマート 長野川中島御厨店,・緊急支援物資の提供
・被災地の復旧活動
・小型発電機等の配置
・「SEMA」(日本国内での大規模自然災害発生時に、民間企業とNPOの連携により企業が持つ物資・サービス等の支援をワンストップで提供する、緊急災害対応アライアンス)

ファミリーマート公式サイト
https://www.family.co.jp/,d Wi-Fi

対象
dポイントクラブ会員
SSID
「0001docomo」または「0000docomo」
URL
『d Wi-Fi』公式サイトURL：https://www.nttdocomo.co.jp/service/d_wifi//,ファミリーマート
ファミリーマート 長野中越1丁目店,・緊急支援物資の提供
・被災地の復旧活動
・小型発電機等の配置
・「SEMA」(日本国内での大規模自然災害発生時に、民間企業とNPOの連携により企業が持つ物資・サービス等の支援をワンストップで提供する、緊急災害対応アライアンス)

ファミリーマート公式サイト
https://www.family.co.jp/,d Wi-Fi

対象
dポイントクラブ会員
SSID
「0001docomo」または「0000docomo」
URL
『d Wi-Fi』公式サイトURL：https://www.nttdocomo.co.jp/service/d_wifi//,ファミリーマート
ファミリーマート 長野松代店,・緊急支援物資の提供
・被災地の復旧活動
・小型発電機等の配置
・「SEMA」(日本国内での大規模自然災害発生時に、民間企業とNPOの連携により企業が持つ物資・サービス等の支援をワンストップで提供する、緊急災害対応アライアンス)

ファミリーマート公式サイト
https://www.family.co.jp/,,ファミリーマート
ファミリーマート 長野駅東口店,・緊急支援物資の提供
・被災地の復旧活動
・小型発電機等の配置
・「SEMA」(日本国内での大規模自然災害発生時に、民間企業とNPOの連携により企業が持つ物資・サービス等の支援をワンストップで提供する、緊急災害対応アライアンス)

ファミリーマート公式サイト
https://www.family.co.jp/,d Wi-Fi

対象
dポイントクラブ会員
SSID
「0001docomo」または「0000docomo」
URL
『d Wi-Fi』公式サイトURL：https://www.nttdocomo.co.jp/service/d_wifi//,ファミリーマート
ファミリーマート 長野中御所4丁目,・緊急支援物資の提供
・被災地の復旧活動
・小型発電機等の配置
・「SEMA」(日本国内での大規模自然災害発生時に、民間企業とNPOの連携により企業が持つ物資・サービス等の支援をワンストップで提供する、緊急災害対応アライアンス)

ファミリーマート公式サイト
https://www.family.co.jp/,d Wi-Fi

対象
dポイントクラブ会員
SSID
「0001docomo」または「0000docomo」
URL
『d Wi-Fi』公式サイトURL：https://www.nttdocomo.co.jp/service/d_wifi//,ファミリーマート
ファミリーマート 長野篠ノ井塩崎店,・緊急支援物資の提供
・被災地の復旧活動
・小型発電機等の配置
・「SEMA」(日本国内での大規模自然災害発生時に、民間企業とNPOの連携により企業が持つ物資・サービス等の支援をワンストップで提供する、緊急災害対応アライアンス)

ファミリーマート公式サイト
https://www.family.co.jp/,d Wi-Fi

対象
dポイントクラブ会員
SSID
「0001docomo」または「0000docomo」
URL
『d Wi-Fi』公式サイトURL：https://www.nttdocomo.co.jp/service/d_wifi//,ファミリーマート
ファミリーマート 長野早苗町店,・緊急支援物資の提供
・被災地の復旧活動
・小型発電機等の配置
・「SEMA」(日本国内での大規模自然災害発生時に、民間企業とNPOの連携により企業が持つ物資・サービス等の支援をワンストップで提供する、緊急災害対応アライアンス)

ファミリーマート公式サイト
https://www.family.co.jp/,d Wi-Fi

対象
dポイントクラブ会員
SSID
「0001docomo」または「0000docomo」
URL
『d Wi-Fi』公式サイトURL：https://www.nttdocomo.co.jp/service/d_wifi//,ファミリーマート
ファミリーマート 長野平林店,・緊急支援物資の提供
・被災地の復旧活動
・小型発電機等の配置
・「SEMA」(日本国内での大規模自然災害発生時に、民間企業とNPOの連携により企業が持つ物資・サービス等の支援をワンストップで提供する、緊急災害対応アライアンス)

ファミリーマート公式サイト
https://www.family.co.jp/,d Wi-Fi

対象
dポイントクラブ会員
SSID
「0001docomo」または「0000docomo」
URL
『d Wi-Fi』公式サイトURL：https://www.nttdocomo.co.jp/service/d_wifi//,ファミリーマート
ファミリーマート 長野真島店,・緊急支援物資の提供
・被災地の復旧活動
・小型発電機等の配置
・「SEMA」(日本国内での大規模自然災害発生時に、民間企業とNPOの連携により企業が持つ物資・サービス等の支援をワンストップで提供する、緊急災害対応アライアンス)

ファミリーマート公式サイト
https://www.family.co.jp/,d Wi-Fi

対象
dポイントクラブ会員
SSID
「0001docomo」または「0000docomo」
URL
『d Wi-Fi』公式サイトURL：https://www.nttdocomo.co.jp/service/d_wifi//,ファミリーマート
ファミリーマート 長野SBC通り店,・緊急支援物資の提供
・被災地の復旧活動
・小型発電機等の配置
・「SEMA」(日本国内での大規模自然災害発生時に、民間企業とNPOの連携により企業が持つ物資・サービス等の支援をワンストップで提供する、緊急災害対応アライアンス)

ファミリーマート公式サイト
https://www.family.co.jp/,d Wi-Fi

対象
dポイントクラブ会員
SSID
「0001docomo」または「0000docomo」
URL
『d Wi-Fi』公式サイトURL：https://www.nttdocomo.co.jp/service/d_wifi//,ファミリーマート
ファミリーマート 長野風間店,・緊急支援物資の提供
・被災地の復旧活動
・小型発電機等の配置
・「SEMA」(日本国内での大規模自然災害発生時に、民間企業とNPOの連携により企業が持つ物資・サービス等の支援をワンストップで提供する、緊急災害対応アライアンス)

ファミリーマート公式サイト
https://www.family.co.jp/,d Wi-Fi

対象
dポイントクラブ会員
SSID
「0001docomo」または「0000docomo」
URL
『d Wi-Fi』公式サイトURL：https://www.nttdocomo.co.jp/service/d_wifi//,ファミリーマート
ファミリーマート 長野栗田店,・緊急支援物資の提供
・被災地の復旧活動
・小型発電機等の配置
・「SEMA」(日本国内での大規模自然災害発生時に、民間企業とNPOの連携により企業が持つ物資・サービス等の支援をワンストップで提供する、緊急災害対応アライアンス)

ファミリーマート公式サイト
https://www.family.co.jp/,d Wi-Fi

対象
dポイントクラブ会員
SSID
「0001docomo」または「0000docomo」
URL
『d Wi-Fi』公式サイトURL：https://www.nttdocomo.co.jp/service/d_wifi//,ファミリーマート
ファミリーマート 長野サンロード店,・緊急支援物資の提供
・被災地の復旧活動
・小型発電機等の配置
・「SEMA」(日本国内での大規模自然災害発生時に、民間企業とNPOの連携により企業が持つ物資・サービス等の支援をワンストップで提供する、緊急災害対応アライアンス)

ファミリーマート公式サイト
https://www.family.co.jp/,d Wi-Fi

対象
dポイントクラブ会員
SSID
「0001docomo」または「0000docomo」
URL
『d Wi-Fi』公式サイトURL：https://www.nttdocomo.co.jp/service/d_wifi//,ファミリーマート
ファミリーマート 長野中央通り店,・緊急支援物資の提供
・被災地の復旧活動
・小型発電機等の配置
・「SEMA」(日本国内での大規模自然災害発生時に、民間企業とNPOの連携により企業が持つ物資・サービス等の支援をワンストップで提供する、緊急災害対応アライアンス)

ファミリーマート公式サイト
https://www.family.co.jp/,d Wi-Fi

対象
dポイントクラブ会員
SSID
「0001docomo」または「0000docomo」
URL
『d Wi-Fi』公式サイトURL：https://www.nttdocomo.co.jp/service/d_wifi//,ファミリーマート
ファミリーマート 長野吉田店,・緊急支援物資の提供
・被災地の復旧活動
・小型発電機等の配置
・「SEMA」(日本国内での大規模自然災害発生時に、民間企業とNPOの連携により企業が持つ物資・サービス等の支援をワンストップで提供する、緊急災害対応アライアンス)

ファミリーマート公式サイト
https://www.family.co.jp/,d Wi-Fi

対象
dポイントクラブ会員
SSID
「0001docomo」または「0000docomo」
URL
『d Wi-Fi』公式サイトURL：https://www.nttdocomo.co.jp/service/d_wifi//,ファミリーマート
ファミリーマート 長野居町店,・緊急支援物資の提供
・被災地の復旧活動
・小型発電機等の配置
・「SEMA」(日本国内での大規模自然災害発生時に、民間企業とNPOの連携により企業が持つ物資・サービス等の支援をワンストップで提供する、緊急災害対応アライアンス)

ファミリーマート公式サイト
https://www.family.co.jp/,d Wi-Fi

対象
dポイントクラブ会員
SSID
「0001docomo」または「0000docomo」
URL
『d Wi-Fi』公式サイトURL：https://www.nttdocomo.co.jp/service/d_wifi//,ファミリーマート
ファミリーマート 長野宇木店,・緊急支援物資の提供
・被災地の復旧活動
・小型発電機等の配置
・「SEMA」(日本国内での大規模自然災害発生時に、民間企業とNPOの連携により企業が持つ物資・サービス等の支援をワンストップで提供する、緊急災害対応アライアンス)

ファミリーマート公式サイト
https://www.family.co.jp/,d Wi-Fi

対象
dポイントクラブ会員
SSID
「0001docomo」または「0000docomo」
URL
『d Wi-Fi』公式サイトURL：https://www.nttdocomo.co.jp/service/d_wifi//,ファミリーマート
ファミリーマート 長野東通り店,・緊急支援物資の提供
・被災地の復旧活動
・小型発電機等の配置
・「SEMA」(日本国内での大規模自然災害発生時に、民間企業とNPOの連携により企業が持つ物資・サービス等の支援をワンストップで提供する、緊急災害対応アライアンス)

ファミリーマート公式サイト
https://www.family.co.jp/,d Wi-Fi

対象
dポイントクラブ会員
SSID
「0001docomo」または「0000docomo」
URL
『d Wi-Fi』公式サイトURL：https://www.nttdocomo.co.jp/service/d_wifi//,ファミリーマート
ファミリーマート 長野松岡店,・緊急支援物資の提供
・被災地の復旧活動
・小型発電機等の配置
・「SEMA」(日本国内での大規模自然災害発生時に、民間企業とNPOの連携により企業が持つ物資・サービス等の支援をワンストップで提供する、緊急災害対応アライアンス)

ファミリーマート公式サイト
https://www.family.co.jp/,d Wi-Fi

対象
dポイントクラブ会員
SSID
「0001docomo」または「0000docomo」
URL
『d Wi-Fi』公式サイトURL：https://www.nttdocomo.co.jp/service/d_wifi//,ファミリーマート
ファミリーマート 長野篠ノ井布施高田店,・緊急支援物資の提供
・被災地の復旧活動
・小型発電機等の配置
・「SEMA」(日本国内での大規模自然災害発生時に、民間企業とNPOの連携により企業が持つ物資・サービス等の支援をワンストップで提供する、緊急災害対応アライアンス)

ファミリーマート公式サイト
https://www.family.co.jp/,d Wi-Fi

対象
dポイントクラブ会員
SSID
「0001docomo」または「0000docomo」
URL
『d Wi-Fi』公式サイトURL：https://www.nttdocomo.co.jp/service/d_wifi//,ファミリーマート
ファミリーマート 長野アップルライン店,・緊急支援物資の提供
・被災地の復旧活動
・小型発電機等の配置
・「SEMA」(日本国内での大規模自然災害発生時に、民間企業とNPOの連携により企業が持つ物資・サービス等の支援をワンストップで提供する、緊急災害対応アライアンス)

ファミリーマート公式サイト
https://www.family.co.jp/,d Wi-Fi

対象
dポイントクラブ会員
SSID
「0001docomo」または「0000docomo」
URL
『d Wi-Fi』公式サイトURL：https://www.nttdocomo.co.jp/service/d_wifi//,ファミリーマート
ファミリーマート 長野五分一店,・緊急支援物資の提供
・被災地の復旧活動
・小型発電機等の配置
・「SEMA」(日本国内での大規模自然災害発生時に、民間企業とNPOの連携により企業が持つ物資・サービス等の支援をワンストップで提供する、緊急災害対応アライアンス)

ファミリーマート公式サイト
https://www.family.co.jp/,d Wi-Fi

対象
dポイントクラブ会員
SSID
「0001docomo」または「0000docomo」
URL
『d Wi-Fi』公式サイトURL：https://www.nttdocomo.co.jp/service/d_wifi//,ファミリーマート
ファミリーマート 長野若穂綿内店,・緊急支援物資の提供
・被災地の復旧活動
・小型発電機等の配置
・「SEMA」(日本国内での大規模自然災害発生時に、民間企業とNPOの連携により企業が持つ物資・サービス等の支援をワンストップで提供する、緊急災害対応アライアンス)

ファミリーマート公式サイト
https://www.family.co.jp/,d Wi-Fi

対象
dポイントクラブ会員
SSID
「0001docomo」または「0000docomo」
URL
『d Wi-Fi』公式サイトURL：https://www.nttdocomo.co.jp/service/d_wifi//,ファミリーマート
ファミリーマート 長野伊勢宮1丁目店,・緊急支援物資の提供
・被災地の復旧活動
・小型発電機等の配置
・「SEMA」(日本国内での大規模自然災害発生時に、民間企業とNPOの連携により企業が持つ物資・サービス等の支援をワンストップで提供する、緊急災害対応アライアンス)

ファミリーマート公式サイト
https://www.family.co.jp/,d Wi-Fi

対象
dポイントクラブ会員
SSID
「0001docomo」または「0000docomo」
URL
『d Wi-Fi』公式サイトURL：https://www.nttdocomo.co.jp/service/d_wifi//,ファミリーマート
ファミリーマート 長野里島店,・緊急支援物資の提供
・被災地の復旧活動
・小型発電機等の配置
・「SEMA」(日本国内での大規模自然災害発生時に、民間企業とNPOの連携により企業が持つ物資・サービス等の支援をワンストップで提供する、緊急災害対応アライアンス)

ファミリーマート公式サイト
https://www.family.co.jp/,d Wi-Fi

対象
dポイントクラブ会員
SSID
「0001docomo」または「0000docomo」
URL
『d Wi-Fi』公式サイトURL：https://www.nttdocomo.co.jp/service/d_wifi//,ファミリーマート
ファミリーマート 長野芹田店,・緊急支援物資の提供
・被災地の復旧活動
・小型発電機等の配置
・「SEMA」(日本国内での大規模自然災害発生時に、民間企業とNPOの連携により企業が持つ物資・サービス等の支援をワンストップで提供する、緊急災害対応アライアンス)

ファミリーマート公式サイト
https://www.family.co.jp/,,ファミリーマート
ファミリーマート 長野木工団地店,・緊急支援物資の提供
・被災地の復旧活動
・小型発電機等の配置
・「SEMA」(日本国内での大規模自然災害発生時に、民間企業とNPOの連携により企業が持つ物資・サービス等の支援をワンストップで提供する、緊急災害対応アライアンス)

ファミリーマート公式サイト
https://www.family.co.jp/,d Wi-Fi

対象
dポイントクラブ会員
SSID
「0001docomo」または「0000docomo」
URL
『d Wi-Fi』公式サイトURL：https://www.nttdocomo.co.jp/service/d_wifi//,ファミリーマート
ファミリーマート 長野大通り店,・緊急支援物資の提供
・被災地の復旧活動
・小型発電機等の配置
・「SEMA」(日本国内での大規模自然災害発生時に、民間企業とNPOの連携により企業が持つ物資・サービス等の支援をワンストップで提供する、緊急災害対応アライアンス)

ファミリーマート公式サイト
https://www.family.co.jp/,d Wi-Fi

対象
dポイントクラブ会員
SSID
「0001docomo」または「0000docomo」
URL
『d Wi-Fi』公式サイトURL：https://www.nttdocomo.co.jp/service/d_wifi//,ファミリーマート
ファミリーマート 長野川合新田店,・緊急支援物資の提供
・被災地の復旧活動
・小型発電機等の配置
・「SEMA」(日本国内での大規模自然災害発生時に、民間企業とNPOの連携により企業が持つ物資・サービス等の支援をワンストップで提供する、緊急災害対応アライアンス)

ファミリーマート公式サイト
https://www.family.co.jp/,,ファミリーマート
ファミリーマート 長野屋島店,・緊急支援物資の提供
・被災地の復旧活動
・小型発電機等の配置
・「SEMA」(日本国内での大規模自然災害発生時に、民間企業とNPOの連携により企業が持つ物資・サービス等の支援をワンストップで提供する、緊急災害対応アライアンス)

ファミリーマート公式サイト
https://www.family.co.jp/,d Wi-Fi

対象
dポイントクラブ会員
SSID
「0001docomo」または「0000docomo」
URL
『d Wi-Fi』公式サイトURL：https://www.nttdocomo.co.jp/service/d_wifi//,ファミリーマート
ファミリーマート 長野合戦場,・緊急支援物資の提供
・被災地の復旧活動
・小型発電機等の配置
・「SEMA」(日本国内での大規模自然災害発生時に、民間企業とNPOの連携により企業が持つ物資・サービス等の支援をワンストップで提供する、緊急災害対応アライアンス)

ファミリーマート公式サイト
https://www.family.co.jp/,d Wi-Fi

対象
dポイントクラブ会員
SSID
「0001docomo」または「0000docomo」
URL
『d Wi-Fi』公式サイトURL：https://www.nttdocomo.co.jp/service/d_wifi//,ファミリーマート
ファミリーマート 長野上高田店,・緊急支援物資の提供
・被災地の復旧活動
・小型発電機等の配置
・「SEMA」(日本国内での大規模自然災害発生時に、民間企業とNPOの連携により企業が持つ物資・サービス等の支援をワンストップで提供する、緊急災害対応アライアンス)

ファミリーマート公式サイト
https://www.family.co.jp/,d Wi-Fi

対象
dポイントクラブ会員
SSID
「0001docomo」または「0000docomo」
URL
『d Wi-Fi』公式サイトURL：https://www.nttdocomo.co.jp/service/d_wifi//,ファミリーマート
ファミリーマート 長野安茂里店,・緊急支援物資の提供
・被災地の復旧活動
・小型発電機等の配置
・「SEMA」(日本国内での大規模自然災害発生時に、民間企業とNPOの連携により企業が持つ物資・サービス等の支援をワンストップで提供する、緊急災害対応アライアンス)

ファミリーマート公式サイト
https://www.family.co.jp/,d Wi-Fi

対象
dポイントクラブ会員
SSID
「0001docomo」または「0000docomo」
URL
『d Wi-Fi』公式サイトURL：https://www.nttdocomo.co.jp/service/d_wifi//,ファミリーマート
ファミリーマート 長野駅前店,・緊急支援物資の提供
・被災地の復旧活動
・小型発電機等の配置
・「SEMA」(日本国内での大規模自然災害発生時に、民間企業とNPOの連携により企業が持つ物資・サービス等の支援をワンストップで提供する、緊急災害対応アライアンス)

ファミリーマート公式サイト
https://www.family.co.jp/,d Wi-Fi

対象
dポイントクラブ会員
SSID
「0001docomo」または「0000docomo」
URL
『d Wi-Fi』公式サイトURL：https://www.nttdocomo.co.jp/service/d_wifi//,ファミリーマート
ファミリーマート 長野若里店,・緊急支援物資の提供
・被災地の復旧活動
・小型発電機等の配置
・「SEMA」(日本国内での大規模自然災害発生時に、民間企業とNPOの連携により企業が持つ物資・サービス等の支援をワンストップで提供する、緊急災害対応アライアンス)

ファミリーマート公式サイト
https://www.family.co.jp/,d Wi-Fi

対象
dポイントクラブ会員
SSID
「0001docomo」または「0000docomo」
URL
『d Wi-Fi』公式サイトURL：https://www.nttdocomo.co.jp/service/d_wifi//,ファミリーマート
ファミリーマート 長野しののい店,・緊急支援物資の提供
・被災地の復旧活動
・小型発電機等の配置
・「SEMA」(日本国内での大規模自然災害発生時に、民間企業とNPOの連携により企業が持つ物資・サービス等の支援をワンストップで提供する、緊急災害対応アライアンス)

ファミリーマート公式サイト
https://www.family.co.jp/,,ファミリーマート
ファミリーマート 長野高田店,・緊急支援物資の提供
・被災地の復旧活動
・小型発電機等の配置
・「SEMA」(日本国内での大規模自然災害発生時に、民間企業とNPOの連携により企業が持つ物資・サービス等の支援をワンストップで提供する、緊急災害対応アライアンス)

ファミリーマート公式サイト
https://www.family.co.jp/,d Wi-Fi

対象
dポイントクラブ会員
SSID
「0001docomo」または「0000docomo」
URL
『d Wi-Fi』公式サイトURL：https://www.nttdocomo.co.jp/service/d_wifi//,ファミリーマート
ファミリーマート 長野吉田4丁目店,・緊急支援物資の提供
・被災地の復旧活動
・小型発電機等の配置
・「SEMA」(日本国内での大規模自然災害発生時に、民間企業とNPOの連携により企業が持つ物資・サービス等の支援をワンストップで提供する、緊急災害対応アライアンス)

ファミリーマート公式サイト
https://www.family.co.jp/,d Wi-Fi

対象
dポイントクラブ会員
SSID
「0001docomo」または「0000docomo」
URL
『d Wi-Fi』公式サイトURL：https://www.nttdocomo.co.jp/service/d_wifi//,ファミリーマート
ファミリーマート 篠ノ井杵淵店,・緊急支援物資の提供
・被災地の復旧活動
・小型発電機等の配置
・「SEMA」(日本国内での大規模自然災害発生時に、民間企業とNPOの連携により企業が持つ物資・サービス等の支援をワンストップで提供する、緊急災害対応アライアンス)

ファミリーマート公式サイト
https://www.family.co.jp/,d Wi-Fi

対象
dポイントクラブ会員
SSID
「0001docomo」または「0000docomo」
URL
『d Wi-Fi』公式サイトURL：https://www.nttdocomo.co.jp/service/d_wifi//,ファミリーマート
ファミリーマート 長野小島店,・緊急支援物資の提供
・被災地の復旧活動
・小型発電機等の配置
・「SEMA」(日本国内での大規模自然災害発生時に、民間企業とNPOの連携により企業が持つ物資・サービス等の支援をワンストップで提供する、緊急災害対応アライアンス)

ファミリーマート公式サイト
https://www.family.co.jp/,d Wi-Fi

対象
dポイントクラブ会員
SSID
「0001docomo」または「0000docomo」
URL
『d Wi-Fi』公式サイトURL：https://www.nttdocomo.co.jp/service/d_wifi//,ファミリーマート
ファミリーマート 長野下氷鉋店,・緊急支援物資の提供
・被災地の復旧活動
・小型発電機等の配置
・「SEMA」(日本国内での大規模自然災害発生時に、民間企業とNPOの連携により企業が持つ物資・サービス等の支援をワンストップで提供する、緊急災害対応アライアンス)

ファミリーマート公式サイト
https://www.family.co.jp/,d Wi-Fi

対象
dポイントクラブ会員
SSID
「0001docomo」または「0000docomo」
URL
『d Wi-Fi』公式サイトURL：https://www.nttdocomo.co.jp/service/d_wifi//,ファミリーマート
ファミリーマート 長野松代町東条店,・緊急支援物資の提供
・被災地の復旧活動
・小型発電機等の配置
・「SEMA」(日本国内での大規模自然災害発生時に、民間企業とNPOの連携により企業が持つ物資・サービス等の支援をワンストップで提供する、緊急災害対応アライアンス)

ファミリーマート公式サイト
https://www.family.co.jp/,d Wi-Fi

対象
dポイントクラブ会員
SSID
「0001docomo」または「0000docomo」
URL
『d Wi-Fi』公式サイトURL：https://www.nttdocomo.co.jp/service/d_wifi//,ファミリーマート
ファミリーマート 長野北長池店,・緊急支援物資の提供
・被災地の復旧活動
・小型発電機等の配置
・「SEMA」(日本国内での大規模自然災害発生時に、民間企業とNPOの連携により企業が持つ物資・サービス等の支援をワンストップで提供する、緊急災害対応アライアンス)

ファミリーマート公式サイト
https://www.family.co.jp/,d Wi-Fi

対象
dポイントクラブ会員
SSID
「0001docomo」または「0000docomo」
URL
『d Wi-Fi』公式サイトURL：https://www.nttdocomo.co.jp/service/d_wifi//,ファミリーマート
セブン-イレブン 更埴稲荷山店,・被災地への物資の提供
・災害用電話機の設置
・燃料備蓄基地
・トイレや充電器の提供
・セブンVIEW(被災地の店舗・物流拠点の状態をクラウドマップ上に表示し、関係部門が状況を把握できるシステム)

セブンイレブン公式サイト
https://www.sej.co.jp/,d Wi-Fi

対象者
dポイントクラブ会員
SSID
「0001docomo」または「0000docomo」
URL
『d Wi-Fi』公式サイトURL：https://www.nttdocomo.co.jp/service/d_wifi//,セブンイレブン
